period,mvs,window,n_windows,min_window_avg_pr
historical,ACCESS-CM2_r1i1p1f1_ssp245,2,64,669.0558592636226
historical,ACCESS-CM2_r1i1p1f1_ssp245,5,61,790.1783252192632
historical,ACCESS-CM2_r1i1p1f1_ssp245,10,56,873.1647117675253
historical,ACCESS-CM2_r1i1p1f1_ssp245,15,51,938.7682839832869
historical,ACCESS-CM2_r1i1p1f1_ssp245,20,46,967.6395041317357
historical,ACCESS-CM2_r1i1p1f1_ssp370,2,64,669.0558592636226
historical,ACCESS-CM2_r1i1p1f1_ssp370,5,61,790.1783252192632
historical,ACCESS-CM2_r1i1p1f1_ssp370,10,56,873.1647117675253
historical,ACCESS-CM2_r1i1p1f1_ssp370,15,51,938.7682839832869
historical,ACCESS-CM2_r1i1p1f1_ssp370,20,46,967.6395041317357
historical,ACCESS-CM2_r1i1p1f1_ssp585,2,64,669.0558592636226
historical,ACCESS-CM2_r1i1p1f1_ssp585,5,61,790.1783252192632
historical,ACCESS-CM2_r1i1p1f1_ssp585,10,56,873.1647117675253
historical,ACCESS-CM2_r1i1p1f1_ssp585,15,51,938.7682839832869
historical,ACCESS-CM2_r1i1p1f1_ssp585,20,46,967.6395041317357
historical,ACCESS-CM2_r2i1p1f1_ssp245,2,64,704.9586146442612
historical,ACCESS-CM2_r2i1p1f1_ssp245,5,61,827.935030607219
historical,ACCESS-CM2_r2i1p1f1_ssp245,10,56,922.9280270208699
historical,ACCESS-CM2_r2i1p1f1_ssp245,15,51,965.5152486486115
historical,ACCESS-CM2_r2i1p1f1_ssp245,20,46,962.1825857227277
historical,ACCESS-CM2_r2i1p1f1_ssp370,2,64,704.9586146442612
historical,ACCESS-CM2_r2i1p1f1_ssp370,5,61,827.935030607219
historical,ACCESS-CM2_r2i1p1f1_ssp370,10,56,922.9280270208699
historical,ACCESS-CM2_r2i1p1f1_ssp370,15,51,965.5152486486115
historical,ACCESS-CM2_r2i1p1f1_ssp370,20,46,962.1825857227277
historical,ACCESS-CM2_r2i1p1f1_ssp585,2,64,704.9586146442612
historical,ACCESS-CM2_r2i1p1f1_ssp585,5,61,827.935030607219
historical,ACCESS-CM2_r2i1p1f1_ssp585,10,56,922.9280270208699
historical,ACCESS-CM2_r2i1p1f1_ssp585,15,51,965.5152486486115
historical,ACCESS-CM2_r2i1p1f1_ssp585,20,46,962.1825857227277
historical,ACCESS-CM2_r3i1p1f1_ssp245,2,64,623.8438536255389
historical,ACCESS-CM2_r3i1p1f1_ssp245,5,61,880.3331466502565
historical,ACCESS-CM2_r3i1p1f1_ssp245,10,56,957.5107006526756
historical,ACCESS-CM2_r3i1p1f1_ssp245,15,51,972.3932154028696
historical,ACCESS-CM2_r3i1p1f1_ssp245,20,46,984.6349824824407
historical,ACCESS-CM2_r3i1p1f1_ssp370,2,64,623.8438536255389
historical,ACCESS-CM2_r3i1p1f1_ssp370,5,61,880.3331466502565
historical,ACCESS-CM2_r3i1p1f1_ssp370,10,56,957.5107006526756
historical,ACCESS-CM2_r3i1p1f1_ssp370,15,51,972.3932154028696
historical,ACCESS-CM2_r3i1p1f1_ssp370,20,46,984.6349824824407
historical,ACCESS-CM2_r3i1p1f1_ssp585,2,64,623.8438536255389
historical,ACCESS-CM2_r3i1p1f1_ssp585,5,61,880.3331466502565
historical,ACCESS-CM2_r3i1p1f1_ssp585,10,56,957.5107006526756
historical,ACCESS-CM2_r3i1p1f1_ssp585,15,51,972.3932154028696
historical,ACCESS-CM2_r3i1p1f1_ssp585,20,46,984.6349824824407
historical,CESM2-LENS_r10i1p1f1_ssp370,2,64,603.3574737961753
historical,CESM2-LENS_r10i1p1f1_ssp370,5,61,850.0293109103717
historical,CESM2-LENS_r10i1p1f1_ssp370,10,56,909.3707641208791
historical,CESM2-LENS_r10i1p1f1_ssp370,15,51,936.1387419797918
historical,CESM2-LENS_r10i1p1f1_ssp370,20,46,967.1536124718401
historical,CESM2-LENS_r1i1p1f1_ssp370,2,64,509.8843790386072
historical,CESM2-LENS_r1i1p1f1_ssp370,5,61,786.9534038924248
historical,CESM2-LENS_r1i1p1f1_ssp370,10,56,856.7020595950305
historical,CESM2-LENS_r1i1p1f1_ssp370,15,51,893.8494771229458
historical,CESM2-LENS_r1i1p1f1_ssp370,20,46,959.3750800884584
historical,CESM2-LENS_r4i1p1f1_ssp370,2,64,601.4806574626273
historical,CESM2-LENS_r4i1p1f1_ssp370,5,61,727.9495806683466
historical,CESM2-LENS_r4i1p1f1_ssp370,10,56,824.7185168163808
historical,CESM2-LENS_r4i1p1f1_ssp370,15,51,873.6831559947639
historical,CESM2-LENS_r4i1p1f1_ssp370,20,46,929.731496630242
historical,CESM2-LENS_r5i1p1f1_ssp370,2,64,567.6914891183769
historical,CESM2-LENS_r5i1p1f1_ssp370,5,61,715.9084434371937
historical,CESM2-LENS_r5i1p1f1_ssp370,10,56,845.2945135040994
historical,CESM2-LENS_r5i1p1f1_ssp370,15,51,898.4924862200627
historical,CESM2-LENS_r5i1p1f1_ssp370,20,46,922.7425354108102
historical,CESM2-LENS_r6i1p1f1_ssp370,2,64,500.5963778960395
historical,CESM2-LENS_r6i1p1f1_ssp370,5,61,744.8281261424505
historical,CESM2-LENS_r6i1p1f1_ssp370,10,56,860.7751697698859
historical,CESM2-LENS_r6i1p1f1_ssp370,15,51,905.086804387359
historical,CESM2-LENS_r6i1p1f1_ssp370,20,46,951.5846983424705
historical,CESM2-LENS_r7i1p1f1_ssp370,2,64,621.4812563212618
historical,CESM2-LENS_r7i1p1f1_ssp370,5,61,784.2797340653897
historical,CESM2-LENS_r7i1p1f1_ssp370,10,56,922.9188518890791
historical,CESM2-LENS_r7i1p1f1_ssp370,15,51,948.5889203351401
historical,CESM2-LENS_r7i1p1f1_ssp370,20,46,936.8359478019471
historical,CESM2-LENS_r8i1p1f1_ssp370,2,64,584.3345287331244
historical,CESM2-LENS_r8i1p1f1_ssp370,5,61,742.1240758647051
historical,CESM2-LENS_r8i1p1f1_ssp370,10,56,840.7972073110155
historical,CESM2-LENS_r8i1p1f1_ssp370,15,51,924.4799245334682
historical,CESM2-LENS_r8i1p1f1_ssp370,20,46,982.5718206102993
historical,CESM2-LENS_r9i1p1f1_ssp370,2,64,615.5784521476489
historical,CESM2-LENS_r9i1p1f1_ssp370,5,61,828.8196732477184
historical,CESM2-LENS_r9i1p1f1_ssp370,10,56,909.0451513047446
historical,CESM2-LENS_r9i1p1f1_ssp370,15,51,972.2862174006445
historical,CESM2-LENS_r9i1p1f1_ssp370,20,46,1021.48329670212
historical,CNRM-ESM2-1_r1i1p1f2_ssp245,2,64,609.5386901414458
historical,CNRM-ESM2-1_r1i1p1f2_ssp245,5,61,869.1749521261838
historical,CNRM-ESM2-1_r1i1p1f2_ssp245,10,56,939.7143142586123
historical,CNRM-ESM2-1_r1i1p1f2_ssp245,15,51,937.7905789261392
historical,CNRM-ESM2-1_r1i1p1f2_ssp245,20,46,969.5077536514331
historical,CNRM-ESM2-1_r1i1p1f2_ssp370,2,64,609.5386901414458
historical,CNRM-ESM2-1_r1i1p1f2_ssp370,5,61,869.1749521261838
historical,CNRM-ESM2-1_r1i1p1f2_ssp370,10,56,939.7143142586123
historical,CNRM-ESM2-1_r1i1p1f2_ssp370,15,51,937.7905789261392
historical,CNRM-ESM2-1_r1i1p1f2_ssp370,20,46,969.5077536514331
historical,CNRM-ESM2-1_r1i1p1f2_ssp585,2,64,609.5386901414458
historical,CNRM-ESM2-1_r1i1p1f2_ssp585,5,61,869.1749521261838
historical,CNRM-ESM2-1_r1i1p1f2_ssp585,10,56,939.7143142586123
historical,CNRM-ESM2-1_r1i1p1f2_ssp585,15,51,937.7905789261392
historical,CNRM-ESM2-1_r1i1p1f2_ssp585,20,46,969.5077536514331
historical,EC-Earth3-Veg_r1i1p1f1_ssp245,2,64,676.1434526570702
historical,EC-Earth3-Veg_r1i1p1f1_ssp245,5,61,751.6424966909356
historical,EC-Earth3-Veg_r1i1p1f1_ssp245,10,56,861.0824519596548
historical,EC-Earth3-Veg_r1i1p1f1_ssp245,15,51,924.1203480748507
historical,EC-Earth3-Veg_r1i1p1f1_ssp245,20,46,929.2173329841892
historical,EC-Earth3-Veg_r1i1p1f1_ssp370,2,64,676.1434526570702
historical,EC-Earth3-Veg_r1i1p1f1_ssp370,5,61,751.6424966909356
historical,EC-Earth3-Veg_r1i1p1f1_ssp370,10,56,861.0824519596548
historical,EC-Earth3-Veg_r1i1p1f1_ssp370,15,51,924.1203480748507
historical,EC-Earth3-Veg_r1i1p1f1_ssp370,20,46,929.2173329841892
historical,EC-Earth3-Veg_r1i1p1f1_ssp585,2,64,676.1434526570702
historical,EC-Earth3-Veg_r1i1p1f1_ssp585,5,61,751.6424966909356
historical,EC-Earth3-Veg_r1i1p1f1_ssp585,10,56,861.0824519596548
historical,EC-Earth3-Veg_r1i1p1f1_ssp585,15,51,924.1203480748507
historical,EC-Earth3-Veg_r1i1p1f1_ssp585,20,46,929.2173329841892
historical,EC-Earth3-Veg_r2i1p1f1_ssp245,2,64,667.5192460034787
historical,EC-Earth3-Veg_r2i1p1f1_ssp245,5,61,828.9508035643987
historical,EC-Earth3-Veg_r2i1p1f1_ssp245,10,56,914.6844648621103
historical,EC-Earth3-Veg_r2i1p1f1_ssp245,15,51,934.686974408142
historical,EC-Earth3-Veg_r2i1p1f1_ssp245,20,46,996.7256195788923
historical,EC-Earth3-Veg_r2i1p1f1_ssp370,2,64,667.5192460034787
historical,EC-Earth3-Veg_r2i1p1f1_ssp370,5,61,828.9508035643987
historical,EC-Earth3-Veg_r2i1p1f1_ssp370,10,56,914.6844648621103
historical,EC-Earth3-Veg_r2i1p1f1_ssp370,15,51,934.686974408142
historical,EC-Earth3-Veg_r2i1p1f1_ssp370,20,46,996.7256195788923
historical,EC-Earth3-Veg_r2i1p1f1_ssp585,2,64,667.5192460034787
historical,EC-Earth3-Veg_r2i1p1f1_ssp585,5,61,828.9508035643987
historical,EC-Earth3-Veg_r2i1p1f1_ssp585,10,56,914.6844648621103
historical,EC-Earth3-Veg_r2i1p1f1_ssp585,15,51,934.686974408142
historical,EC-Earth3-Veg_r2i1p1f1_ssp585,20,46,996.7256195788923
historical,EC-Earth3-Veg_r3i1p1f1_ssp245,2,64,628.702462960202
historical,EC-Earth3-Veg_r3i1p1f1_ssp245,5,61,859.0389237556985
historical,EC-Earth3-Veg_r3i1p1f1_ssp245,10,56,969.6175075409349
historical,EC-Earth3-Veg_r3i1p1f1_ssp245,15,51,996.1782300197752
historical,EC-Earth3-Veg_r3i1p1f1_ssp245,20,46,1000.9533386717227
historical,EC-Earth3-Veg_r3i1p1f1_ssp370,2,64,628.702462960202
historical,EC-Earth3-Veg_r3i1p1f1_ssp370,5,61,859.0389237556985
historical,EC-Earth3-Veg_r3i1p1f1_ssp370,10,56,969.6175075409349
historical,EC-Earth3-Veg_r3i1p1f1_ssp370,15,51,996.1782300197752
historical,EC-Earth3-Veg_r3i1p1f1_ssp370,20,46,1000.9533386717227
historical,EC-Earth3-Veg_r3i1p1f1_ssp585,2,64,628.702462960202
historical,EC-Earth3-Veg_r3i1p1f1_ssp585,5,61,859.0389237556985
historical,EC-Earth3-Veg_r3i1p1f1_ssp585,10,56,969.6175075409349
historical,EC-Earth3-Veg_r3i1p1f1_ssp585,15,51,996.1782300197752
historical,EC-Earth3-Veg_r3i1p1f1_ssp585,20,46,1000.9533386717227
historical,EC-Earth3-Veg_r4i1p1f1_ssp245,2,64,615.7183462953981
historical,EC-Earth3-Veg_r4i1p1f1_ssp245,5,61,844.1440281080256
historical,EC-Earth3-Veg_r4i1p1f1_ssp245,10,56,876.4268788853093
historical,EC-Earth3-Veg_r4i1p1f1_ssp245,15,51,1004.6085634352324
historical,EC-Earth3-Veg_r4i1p1f1_ssp245,20,46,1022.2587997945826
historical,EC-Earth3-Veg_r4i1p1f1_ssp370,2,64,615.7183462953981
historical,EC-Earth3-Veg_r4i1p1f1_ssp370,5,61,844.1440281080256
historical,EC-Earth3-Veg_r4i1p1f1_ssp370,10,56,876.4268788853093
historical,EC-Earth3-Veg_r4i1p1f1_ssp370,15,51,1004.6085634352324
historical,EC-Earth3-Veg_r4i1p1f1_ssp370,20,46,1022.2587997945826
historical,EC-Earth3-Veg_r4i1p1f1_ssp585,2,64,615.7183462953981
historical,EC-Earth3-Veg_r4i1p1f1_ssp585,5,61,844.1440281080256
historical,EC-Earth3-Veg_r4i1p1f1_ssp585,10,56,876.4268788853093
historical,EC-Earth3-Veg_r4i1p1f1_ssp585,15,51,1004.6085634352324
historical,EC-Earth3-Veg_r4i1p1f1_ssp585,20,46,1022.2587997945826
historical,EC-Earth3-Veg_r5i1p1f1_ssp245,2,64,597.9245488167617
historical,EC-Earth3-Veg_r5i1p1f1_ssp245,5,61,699.0180892577234
historical,EC-Earth3-Veg_r5i1p1f1_ssp245,10,56,861.8975886327222
historical,EC-Earth3-Veg_r5i1p1f1_ssp245,15,51,916.7656563363543
historical,EC-Earth3-Veg_r5i1p1f1_ssp245,20,46,977.2876160333948
historical,EC-Earth3_r1i1p1f1_ssp245,2,64,552.1669611549751
historical,EC-Earth3_r1i1p1f1_ssp245,5,61,844.636894392372
historical,EC-Earth3_r1i1p1f1_ssp245,10,56,946.1078097706843
historical,EC-Earth3_r1i1p1f1_ssp245,15,51,997.4443667579447
historical,EC-Earth3_r1i1p1f1_ssp245,20,46,991.7445095504229
historical,EC-Earth3_r1i1p1f1_ssp370,2,64,552.1669611549751
historical,EC-Earth3_r1i1p1f1_ssp370,5,61,844.636894392372
historical,EC-Earth3_r1i1p1f1_ssp370,10,56,946.1078097706843
historical,EC-Earth3_r1i1p1f1_ssp370,15,51,997.4443667579447
historical,EC-Earth3_r1i1p1f1_ssp370,20,46,991.7445095504229
historical,EC-Earth3_r1i1p1f1_ssp585,2,64,552.1669611549751
historical,EC-Earth3_r1i1p1f1_ssp585,5,61,844.636894392372
historical,EC-Earth3_r1i1p1f1_ssp585,10,56,946.1078097706843
historical,EC-Earth3_r1i1p1f1_ssp585,15,51,997.4443667579447
historical,EC-Earth3_r1i1p1f1_ssp585,20,46,991.7445095504229
historical,EC-Earth3_r2i1p1f1_ssp245,2,64,605.411112403804
historical,EC-Earth3_r2i1p1f1_ssp245,5,61,733.0938460607358
historical,EC-Earth3_r2i1p1f1_ssp245,10,56,918.087322082048
historical,EC-Earth3_r2i1p1f1_ssp245,15,51,947.1660497257477
historical,EC-Earth3_r2i1p1f1_ssp245,20,46,989.2044856070266
historical,EC-Earth3_r3i1p1f1_ssp585,2,64,643.120273723438
historical,EC-Earth3_r3i1p1f1_ssp585,5,61,789.5737547928577
historical,EC-Earth3_r3i1p1f1_ssp585,10,56,920.5800079190121
historical,EC-Earth3_r3i1p1f1_ssp585,15,51,945.1477234732168
historical,EC-Earth3_r3i1p1f1_ssp585,20,46,958.9534501674898
historical,EC-Earth3_r4i1p1f1_ssp245,2,64,627.0307331950953
historical,EC-Earth3_r4i1p1f1_ssp245,5,61,718.1126672784783
historical,EC-Earth3_r4i1p1f1_ssp245,10,56,869.5210812528614
historical,EC-Earth3_r4i1p1f1_ssp245,15,51,892.8527399818347
historical,EC-Earth3_r4i1p1f1_ssp245,20,46,926.0159340905172
historical,EC-Earth3_r4i1p1f1_ssp370,2,64,627.0307331950953
historical,EC-Earth3_r4i1p1f1_ssp370,5,61,718.1126672784783
historical,EC-Earth3_r4i1p1f1_ssp370,10,56,869.5210812528614
historical,EC-Earth3_r4i1p1f1_ssp370,15,51,892.8527399818347
historical,EC-Earth3_r4i1p1f1_ssp370,20,46,926.0159340905172
historical,EC-Earth3_r4i1p1f1_ssp585,2,64,627.0307331950953
historical,EC-Earth3_r4i1p1f1_ssp585,5,61,718.1126672784783
historical,EC-Earth3_r4i1p1f1_ssp585,10,56,869.5210812528614
historical,EC-Earth3_r4i1p1f1_ssp585,15,51,892.8527399818347
historical,EC-Earth3_r4i1p1f1_ssp585,20,46,926.0159340905172
historical,FGOALS-g3_r1i1p1f1_ssp245,2,64,723.4081129926435
historical,FGOALS-g3_r1i1p1f1_ssp245,5,61,797.9223297838573
historical,FGOALS-g3_r1i1p1f1_ssp245,10,56,863.6614891414938
historical,FGOALS-g3_r1i1p1f1_ssp245,15,51,906.6565953888188
historical,FGOALS-g3_r1i1p1f1_ssp245,20,46,961.9724311618495
historical,FGOALS-g3_r1i1p1f1_ssp370,2,64,723.4081129926435
historical,FGOALS-g3_r1i1p1f1_ssp370,5,61,797.9223297838573
historical,FGOALS-g3_r1i1p1f1_ssp370,10,56,863.6614891414938
historical,FGOALS-g3_r1i1p1f1_ssp370,15,51,906.6565953888188
historical,FGOALS-g3_r1i1p1f1_ssp370,20,46,961.9724311618495
historical,FGOALS-g3_r1i1p1f1_ssp585,2,64,723.4081129926435
historical,FGOALS-g3_r1i1p1f1_ssp585,5,61,797.9223297838573
historical,FGOALS-g3_r1i1p1f1_ssp585,10,56,863.6614891414938
historical,FGOALS-g3_r1i1p1f1_ssp585,15,51,906.6565953888188
historical,FGOALS-g3_r1i1p1f1_ssp585,20,46,961.9724311618495
historical,FGOALS-g3_r3i1p1f1_ssp245,2,64,617.0282779668637
historical,FGOALS-g3_r3i1p1f1_ssp245,5,61,810.0965075806803
historical,FGOALS-g3_r3i1p1f1_ssp245,10,56,1005.8732339119215
historical,FGOALS-g3_r3i1p1f1_ssp245,15,51,1023.3348743326
historical,FGOALS-g3_r3i1p1f1_ssp245,20,46,1021.8936979855716
historical,FGOALS-g3_r3i1p1f1_ssp370,2,64,617.0282779668637
historical,FGOALS-g3_r3i1p1f1_ssp370,5,61,810.0965075806803
historical,FGOALS-g3_r3i1p1f1_ssp370,10,56,1005.8732339119215
historical,FGOALS-g3_r3i1p1f1_ssp370,15,51,1023.3348743326
historical,FGOALS-g3_r3i1p1f1_ssp370,20,46,1021.8936979855716
historical,FGOALS-g3_r3i1p1f1_ssp585,2,64,617.0282779668637
historical,FGOALS-g3_r3i1p1f1_ssp585,5,61,810.0965075806803
historical,FGOALS-g3_r3i1p1f1_ssp585,10,56,1005.8732339119215
historical,FGOALS-g3_r3i1p1f1_ssp585,15,51,1023.3348743326
historical,FGOALS-g3_r3i1p1f1_ssp585,20,46,1021.8936979855716
historical,FGOALS-g3_r4i1p1f1_ssp245,2,64,515.6851805767019
historical,FGOALS-g3_r4i1p1f1_ssp245,5,61,820.4228402583263
historical,FGOALS-g3_r4i1p1f1_ssp245,10,56,892.8110689861605
historical,FGOALS-g3_r4i1p1f1_ssp245,15,51,945.3393067509086
historical,FGOALS-g3_r4i1p1f1_ssp245,20,46,970.0695497397489
historical,FGOALS-g3_r4i1p1f1_ssp370,2,64,515.6851805767019
historical,FGOALS-g3_r4i1p1f1_ssp370,5,61,820.4228402583263
historical,FGOALS-g3_r4i1p1f1_ssp370,10,56,892.8110689861605
historical,FGOALS-g3_r4i1p1f1_ssp370,15,51,945.3393067509086
historical,FGOALS-g3_r4i1p1f1_ssp370,20,46,970.0695497397489
historical,FGOALS-g3_r4i1p1f1_ssp585,2,64,515.6851805767019
historical,FGOALS-g3_r4i1p1f1_ssp585,5,61,820.4228402583263
historical,FGOALS-g3_r4i1p1f1_ssp585,10,56,892.8110689861605
historical,FGOALS-g3_r4i1p1f1_ssp585,15,51,945.3393067509086
historical,FGOALS-g3_r4i1p1f1_ssp585,20,46,970.0695497397489
historical,FGOALS-g3_r5i1p1f1_ssp370,2,64,679.7802086959182
historical,FGOALS-g3_r5i1p1f1_ssp370,5,61,803.5269684421801
historical,FGOALS-g3_r5i1p1f1_ssp370,10,56,850.7714755112669
historical,FGOALS-g3_r5i1p1f1_ssp370,15,51,933.7424776682693
historical,FGOALS-g3_r5i1p1f1_ssp370,20,46,922.1695500693095
historical,GFDL-ESM4_r1i1p1f1_ssp245,2,64,712.013039978332
historical,GFDL-ESM4_r1i1p1f1_ssp245,5,61,841.7076199977377
historical,GFDL-ESM4_r1i1p1f1_ssp245,10,56,928.397688872429
historical,GFDL-ESM4_r1i1p1f1_ssp245,15,51,971.1469683797096
historical,GFDL-ESM4_r1i1p1f1_ssp245,20,46,963.6695371645699
historical,GFDL-ESM4_r1i1p1f1_ssp370,2,64,712.013039978332
historical,GFDL-ESM4_r1i1p1f1_ssp370,5,61,841.7076199977377
historical,GFDL-ESM4_r1i1p1f1_ssp370,10,56,928.397688872429
historical,GFDL-ESM4_r1i1p1f1_ssp370,15,51,971.1469683797096
historical,GFDL-ESM4_r1i1p1f1_ssp370,20,46,963.6695371645699
historical,GFDL-ESM4_r1i1p1f1_ssp585,2,64,712.013039978332
historical,GFDL-ESM4_r1i1p1f1_ssp585,5,61,841.7076199977377
historical,GFDL-ESM4_r1i1p1f1_ssp585,10,56,928.397688872429
historical,GFDL-ESM4_r1i1p1f1_ssp585,15,51,971.1469683797096
historical,GFDL-ESM4_r1i1p1f1_ssp585,20,46,963.6695371645699
historical,HadGEM3-GC31-LL_r1i1p1f3_ssp245,2,64,657.2282277956183
historical,HadGEM3-GC31-LL_r1i1p1f3_ssp245,5,61,679.3568762367643
historical,HadGEM3-GC31-LL_r1i1p1f3_ssp245,10,56,852.93954091877
historical,HadGEM3-GC31-LL_r1i1p1f3_ssp245,15,51,903.852361061555
historical,HadGEM3-GC31-LL_r1i1p1f3_ssp245,20,46,938.9353051974182
historical,HadGEM3-GC31-LL_r1i1p1f3_ssp585,2,64,657.2282277956183
historical,HadGEM3-GC31-LL_r1i1p1f3_ssp585,5,61,679.3568762367643
historical,HadGEM3-GC31-LL_r1i1p1f3_ssp585,10,56,852.93954091877
historical,HadGEM3-GC31-LL_r1i1p1f3_ssp585,15,51,903.852361061555
historical,HadGEM3-GC31-LL_r1i1p1f3_ssp585,20,46,938.9353051974182
historical,HadGEM3-GC31-LL_r2i1p1f3_ssp585,2,64,639.0391626362034
historical,HadGEM3-GC31-LL_r2i1p1f3_ssp585,5,61,733.4545351196678
historical,HadGEM3-GC31-LL_r2i1p1f3_ssp585,10,56,836.2104957896911
historical,HadGEM3-GC31-LL_r2i1p1f3_ssp585,15,51,905.6165360067292
historical,HadGEM3-GC31-LL_r2i1p1f3_ssp585,20,46,954.5605187105081
historical,HadGEM3-GC31-LL_r3i1p1f3_ssp585,2,64,503.4209238746189
historical,HadGEM3-GC31-LL_r3i1p1f3_ssp585,5,61,778.0104634469011
historical,HadGEM3-GC31-LL_r3i1p1f3_ssp585,10,56,859.6236926171302
historical,HadGEM3-GC31-LL_r3i1p1f3_ssp585,15,51,926.8655311003852
historical,HadGEM3-GC31-LL_r3i1p1f3_ssp585,20,46,931.8296578684476
historical,INM-CM5-0_r1i1p1f1_ssp245,2,64,783.4961833605848
historical,INM-CM5-0_r1i1p1f1_ssp245,5,61,893.6921598086523
historical,INM-CM5-0_r1i1p1f1_ssp245,10,56,994.5433630104678
historical,INM-CM5-0_r1i1p1f1_ssp245,15,51,1009.5024722808276
historical,INM-CM5-0_r1i1p1f1_ssp245,20,46,1011.1196584718749
historical,INM-CM5-0_r1i1p1f1_ssp370,2,64,783.4961833605848
historical,INM-CM5-0_r1i1p1f1_ssp370,5,61,893.6921598086523
historical,INM-CM5-0_r1i1p1f1_ssp370,10,56,994.5433630104678
historical,INM-CM5-0_r1i1p1f1_ssp370,15,51,1009.5024722808276
historical,INM-CM5-0_r1i1p1f1_ssp370,20,46,1011.1196584718749
historical,INM-CM5-0_r1i1p1f1_ssp585,2,64,783.4961833605848
historical,INM-CM5-0_r1i1p1f1_ssp585,5,61,893.6921598086523
historical,INM-CM5-0_r1i1p1f1_ssp585,10,56,994.5433630104678
historical,INM-CM5-0_r1i1p1f1_ssp585,15,51,1009.5024722808276
historical,INM-CM5-0_r1i1p1f1_ssp585,20,46,1011.1196584718749
historical,INM-CM5-0_r2i1p1f1_ssp370,2,64,659.9433710715057
historical,INM-CM5-0_r2i1p1f1_ssp370,5,61,816.651696435803
historical,INM-CM5-0_r2i1p1f1_ssp370,10,56,869.8822662418658
historical,INM-CM5-0_r2i1p1f1_ssp370,15,51,924.2886642733555
historical,INM-CM5-0_r2i1p1f1_ssp370,20,46,938.5520911590553
historical,INM-CM5-0_r3i1p1f1_ssp370,2,64,660.8067515724315
historical,INM-CM5-0_r3i1p1f1_ssp370,5,61,744.8558998697929
historical,INM-CM5-0_r3i1p1f1_ssp370,10,56,895.3048095226688
historical,INM-CM5-0_r3i1p1f1_ssp370,15,51,914.3128051825191
historical,INM-CM5-0_r3i1p1f1_ssp370,20,46,942.5971334342061
historical,INM-CM5-0_r4i1p1f1_ssp370,2,64,657.7974562426209
historical,INM-CM5-0_r4i1p1f1_ssp370,5,61,743.0988774490676
historical,INM-CM5-0_r4i1p1f1_ssp370,10,56,894.0711319089812
historical,INM-CM5-0_r4i1p1f1_ssp370,15,51,913.6428298471621
historical,INM-CM5-0_r4i1p1f1_ssp370,20,46,942.4270921675949
historical,INM-CM5-0_r5i1p1f1_ssp370,2,64,564.5757904159327
historical,INM-CM5-0_r5i1p1f1_ssp370,5,61,888.4513397008938
historical,INM-CM5-0_r5i1p1f1_ssp370,10,56,950.4256682769995
historical,INM-CM5-0_r5i1p1f1_ssp370,15,51,980.1949698030631
historical,INM-CM5-0_r5i1p1f1_ssp370,20,46,979.4717620472651
historical,IPSL-CM6A-LR_r10i1p1f1_ssp370,2,64,718.2370676592564
historical,IPSL-CM6A-LR_r10i1p1f1_ssp370,5,61,818.1170801906126
historical,IPSL-CM6A-LR_r10i1p1f1_ssp370,10,56,889.3019353265933
historical,IPSL-CM6A-LR_r10i1p1f1_ssp370,15,51,951.2918856960915
historical,IPSL-CM6A-LR_r10i1p1f1_ssp370,20,46,962.0147555861004
historical,IPSL-CM6A-LR_r1i1p1f1_ssp245,2,64,672.2125114262235
historical,IPSL-CM6A-LR_r1i1p1f1_ssp245,5,61,826.9531796477868
historical,IPSL-CM6A-LR_r1i1p1f1_ssp245,10,56,907.1135601730236
historical,IPSL-CM6A-LR_r1i1p1f1_ssp245,15,51,974.9555568497798
historical,IPSL-CM6A-LR_r1i1p1f1_ssp245,20,46,988.5102002502566
historical,IPSL-CM6A-LR_r1i1p1f1_ssp370,2,64,672.2125114262235
historical,IPSL-CM6A-LR_r1i1p1f1_ssp370,5,61,826.9531796477868
historical,IPSL-CM6A-LR_r1i1p1f1_ssp370,10,56,907.1135601730236
historical,IPSL-CM6A-LR_r1i1p1f1_ssp370,15,51,974.9555568497798
historical,IPSL-CM6A-LR_r1i1p1f1_ssp370,20,46,988.5102002502566
historical,IPSL-CM6A-LR_r1i1p1f1_ssp585,2,64,672.2125114262235
historical,IPSL-CM6A-LR_r1i1p1f1_ssp585,5,61,826.9531796477868
historical,IPSL-CM6A-LR_r1i1p1f1_ssp585,10,56,907.1135601730236
historical,IPSL-CM6A-LR_r1i1p1f1_ssp585,15,51,974.9555568497798
historical,IPSL-CM6A-LR_r1i1p1f1_ssp585,20,46,988.5102002502566
historical,IPSL-CM6A-LR_r2i1p1f1_ssp245,2,64,646.9154061714835
historical,IPSL-CM6A-LR_r2i1p1f1_ssp245,5,61,883.6160847352745
historical,IPSL-CM6A-LR_r2i1p1f1_ssp245,10,56,1013.2159508399549
historical,IPSL-CM6A-LR_r2i1p1f1_ssp245,15,51,1034.866625687616
historical,IPSL-CM6A-LR_r2i1p1f1_ssp245,20,46,1080.4349519664481
historical,IPSL-CM6A-LR_r2i1p1f1_ssp370,2,64,646.9154061714835
historical,IPSL-CM6A-LR_r2i1p1f1_ssp370,5,61,883.6160847352745
historical,IPSL-CM6A-LR_r2i1p1f1_ssp370,10,56,1013.2159508399549
historical,IPSL-CM6A-LR_r2i1p1f1_ssp370,15,51,1034.866625687616
historical,IPSL-CM6A-LR_r2i1p1f1_ssp370,20,46,1080.4349519664481
historical,IPSL-CM6A-LR_r2i1p1f1_ssp585,2,64,646.9154061714835
historical,IPSL-CM6A-LR_r2i1p1f1_ssp585,5,61,883.6160847352745
historical,IPSL-CM6A-LR_r2i1p1f1_ssp585,10,56,1013.2159508399549
historical,IPSL-CM6A-LR_r2i1p1f1_ssp585,15,51,1034.866625687616
historical,IPSL-CM6A-LR_r2i1p1f1_ssp585,20,46,1080.4349519664481
historical,IPSL-CM6A-LR_r3i1p1f1_ssp245,2,64,517.3349441474647
historical,IPSL-CM6A-LR_r3i1p1f1_ssp245,5,61,771.098625058186
historical,IPSL-CM6A-LR_r3i1p1f1_ssp245,10,56,857.4784329639318
historical,IPSL-CM6A-LR_r3i1p1f1_ssp245,15,51,912.9626758010519
historical,IPSL-CM6A-LR_r3i1p1f1_ssp245,20,46,927.8855956557842
historical,IPSL-CM6A-LR_r3i1p1f1_ssp370,2,64,517.3349441474647
historical,IPSL-CM6A-LR_r3i1p1f1_ssp370,5,61,771.098625058186
historical,IPSL-CM6A-LR_r3i1p1f1_ssp370,10,56,857.4784329639318
historical,IPSL-CM6A-LR_r3i1p1f1_ssp370,15,51,912.9626758010519
historical,IPSL-CM6A-LR_r3i1p1f1_ssp370,20,46,927.8855956557842
historical,IPSL-CM6A-LR_r3i1p1f1_ssp585,2,64,517.3349441474647
historical,IPSL-CM6A-LR_r3i1p1f1_ssp585,5,61,771.098625058186
historical,IPSL-CM6A-LR_r3i1p1f1_ssp585,10,56,857.4784329639318
historical,IPSL-CM6A-LR_r3i1p1f1_ssp585,15,51,912.9626758010519
historical,IPSL-CM6A-LR_r3i1p1f1_ssp585,20,46,927.8855956557842
historical,IPSL-CM6A-LR_r4i1p1f1_ssp245,2,64,679.4685134091887
historical,IPSL-CM6A-LR_r4i1p1f1_ssp245,5,61,756.7832531493084
historical,IPSL-CM6A-LR_r4i1p1f1_ssp245,10,56,869.6364651318851
historical,IPSL-CM6A-LR_r4i1p1f1_ssp245,15,51,887.5091298022758
historical,IPSL-CM6A-LR_r4i1p1f1_ssp245,20,46,893.9070423099569
historical,IPSL-CM6A-LR_r4i1p1f1_ssp370,2,64,679.4685134091887
historical,IPSL-CM6A-LR_r4i1p1f1_ssp370,5,61,756.7832531493084
historical,IPSL-CM6A-LR_r4i1p1f1_ssp370,10,56,869.6364651318851
historical,IPSL-CM6A-LR_r4i1p1f1_ssp370,15,51,887.5091298022758
historical,IPSL-CM6A-LR_r4i1p1f1_ssp370,20,46,893.9070423099569
historical,IPSL-CM6A-LR_r4i1p1f1_ssp585,2,64,679.4685134091887
historical,IPSL-CM6A-LR_r4i1p1f1_ssp585,5,61,756.7832531493084
historical,IPSL-CM6A-LR_r4i1p1f1_ssp585,10,56,869.6364651318851
historical,IPSL-CM6A-LR_r4i1p1f1_ssp585,15,51,887.5091298022758
historical,IPSL-CM6A-LR_r4i1p1f1_ssp585,20,46,893.9070423099569
historical,IPSL-CM6A-LR_r5i1p1f1_ssp245,2,64,641.057970354369
historical,IPSL-CM6A-LR_r5i1p1f1_ssp245,5,61,752.0751217776727
historical,IPSL-CM6A-LR_r5i1p1f1_ssp245,10,56,826.9441368660584
historical,IPSL-CM6A-LR_r5i1p1f1_ssp245,15,51,883.3576258567041
historical,IPSL-CM6A-LR_r5i1p1f1_ssp245,20,46,929.5547951392342
historical,IPSL-CM6A-LR_r5i1p1f1_ssp370,2,64,641.057970354369
historical,IPSL-CM6A-LR_r5i1p1f1_ssp370,5,61,752.0751217776727
historical,IPSL-CM6A-LR_r5i1p1f1_ssp370,10,56,826.9441368660584
historical,IPSL-CM6A-LR_r5i1p1f1_ssp370,15,51,883.3576258567041
historical,IPSL-CM6A-LR_r5i1p1f1_ssp370,20,46,929.5547951392342
historical,IPSL-CM6A-LR_r6i1p1f1_ssp370,2,64,624.2343513465057
historical,IPSL-CM6A-LR_r6i1p1f1_ssp370,5,61,695.1940844429919
historical,IPSL-CM6A-LR_r6i1p1f1_ssp370,10,56,828.4220093487078
historical,IPSL-CM6A-LR_r6i1p1f1_ssp370,15,51,932.9375012388531
historical,IPSL-CM6A-LR_r6i1p1f1_ssp370,20,46,959.7767660353104
historical,IPSL-CM6A-LR_r7i1p1f1_ssp370,2,64,625.6123162692948
historical,IPSL-CM6A-LR_r7i1p1f1_ssp370,5,61,808.2869220324443
historical,IPSL-CM6A-LR_r7i1p1f1_ssp370,10,56,950.3294988098711
historical,IPSL-CM6A-LR_r7i1p1f1_ssp370,15,51,1024.5288970727913
historical,IPSL-CM6A-LR_r7i1p1f1_ssp370,20,46,1057.8019718500714
historical,IPSL-CM6A-LR_r8i1p1f1_ssp370,2,64,649.1654774829294
historical,IPSL-CM6A-LR_r8i1p1f1_ssp370,5,61,888.1477137891328
historical,IPSL-CM6A-LR_r8i1p1f1_ssp370,10,56,962.1862791377404
historical,IPSL-CM6A-LR_r8i1p1f1_ssp370,15,51,1014.6805754985559
historical,IPSL-CM6A-LR_r8i1p1f1_ssp370,20,46,1015.6115096910673
historical,IPSL-CM6A-LR_r9i1p1f1_ssp370,2,64,652.483569195856
historical,IPSL-CM6A-LR_r9i1p1f1_ssp370,5,61,725.796102863282
historical,IPSL-CM6A-LR_r9i1p1f1_ssp370,10,56,899.8734143585316
historical,IPSL-CM6A-LR_r9i1p1f1_ssp370,15,51,925.7340337451441
historical,IPSL-CM6A-LR_r9i1p1f1_ssp370,20,46,963.8606437292292
historical,KACE-1-0-G_r1i1p1f1_ssp245,2,64,527.5041820434271
historical,KACE-1-0-G_r1i1p1f1_ssp245,5,61,756.5611026594364
historical,KACE-1-0-G_r1i1p1f1_ssp245,10,56,938.9753632234803
historical,KACE-1-0-G_r1i1p1f1_ssp245,15,51,944.66285273239
historical,KACE-1-0-G_r1i1p1f1_ssp245,20,46,1037.622570534136
historical,KACE-1-0-G_r1i1p1f1_ssp370,2,64,527.5041820434271
historical,KACE-1-0-G_r1i1p1f1_ssp370,5,61,756.5611026594364
historical,KACE-1-0-G_r1i1p1f1_ssp370,10,56,938.9753632234803
historical,KACE-1-0-G_r1i1p1f1_ssp370,15,51,944.66285273239
historical,KACE-1-0-G_r1i1p1f1_ssp370,20,46,1037.622570534136
historical,KACE-1-0-G_r1i1p1f1_ssp585,2,64,527.5041820434271
historical,KACE-1-0-G_r1i1p1f1_ssp585,5,61,756.5611026594364
historical,KACE-1-0-G_r1i1p1f1_ssp585,10,56,938.9753632234803
historical,KACE-1-0-G_r1i1p1f1_ssp585,15,51,944.66285273239
historical,KACE-1-0-G_r1i1p1f1_ssp585,20,46,1037.622570534136
historical,KACE-1-0-G_r2i1p1f1_ssp245,2,64,679.5821783331612
historical,KACE-1-0-G_r2i1p1f1_ssp245,5,61,854.2076315538725
historical,KACE-1-0-G_r2i1p1f1_ssp245,10,56,904.8560151104248
historical,KACE-1-0-G_r2i1p1f1_ssp245,15,51,923.0319068037827
historical,KACE-1-0-G_r2i1p1f1_ssp245,20,46,953.4019756955717
historical,KACE-1-0-G_r2i1p1f1_ssp370,2,64,679.5821783331612
historical,KACE-1-0-G_r2i1p1f1_ssp370,5,61,854.2076315538725
historical,KACE-1-0-G_r2i1p1f1_ssp370,10,56,904.8560151104248
historical,KACE-1-0-G_r2i1p1f1_ssp370,15,51,923.0319068037827
historical,KACE-1-0-G_r2i1p1f1_ssp370,20,46,953.4019756955717
historical,KACE-1-0-G_r2i1p1f1_ssp585,2,64,679.5821783331612
historical,KACE-1-0-G_r2i1p1f1_ssp585,5,61,854.2076315538725
historical,KACE-1-0-G_r2i1p1f1_ssp585,10,56,904.8560151104248
historical,KACE-1-0-G_r2i1p1f1_ssp585,15,51,923.0319068037827
historical,KACE-1-0-G_r2i1p1f1_ssp585,20,46,953.4019756955717
historical,KACE-1-0-G_r3i1p1f1_ssp245,2,64,469.93349483784186
historical,KACE-1-0-G_r3i1p1f1_ssp245,5,61,694.1445315185308
historical,KACE-1-0-G_r3i1p1f1_ssp245,10,56,853.573471817654
historical,KACE-1-0-G_r3i1p1f1_ssp245,15,51,924.3958470702977
historical,KACE-1-0-G_r3i1p1f1_ssp245,20,46,930.6547041807122
historical,KACE-1-0-G_r3i1p1f1_ssp370,2,64,469.93349483784186
historical,KACE-1-0-G_r3i1p1f1_ssp370,5,61,694.1445315185308
historical,KACE-1-0-G_r3i1p1f1_ssp370,10,56,853.573471817654
historical,KACE-1-0-G_r3i1p1f1_ssp370,15,51,924.3958470702977
historical,KACE-1-0-G_r3i1p1f1_ssp370,20,46,930.6547041807122
historical,KACE-1-0-G_r3i1p1f1_ssp585,2,64,469.93349483784186
historical,KACE-1-0-G_r3i1p1f1_ssp585,5,61,694.1445315185308
historical,KACE-1-0-G_r3i1p1f1_ssp585,10,56,853.573471817654
historical,KACE-1-0-G_r3i1p1f1_ssp585,15,51,924.3958470702977
historical,KACE-1-0-G_r3i1p1f1_ssp585,20,46,930.6547041807122
historical,MIROC6_r1i1p1f1_ssp245,2,64,551.036876312086
historical,MIROC6_r1i1p1f1_ssp245,5,61,760.1538723841867
historical,MIROC6_r1i1p1f1_ssp245,10,56,906.5434921717048
historical,MIROC6_r1i1p1f1_ssp245,15,51,972.319465686984
historical,MIROC6_r1i1p1f1_ssp245,20,46,1004.0634923979167
historical,MIROC6_r1i1p1f1_ssp370,2,64,551.036876312086
historical,MIROC6_r1i1p1f1_ssp370,5,61,760.1538723841867
historical,MIROC6_r1i1p1f1_ssp370,10,56,906.5434921717048
historical,MIROC6_r1i1p1f1_ssp370,15,51,972.319465686984
historical,MIROC6_r1i1p1f1_ssp370,20,46,1004.0634923979167
historical,MIROC6_r1i1p1f1_ssp585,2,64,551.036876312086
historical,MIROC6_r1i1p1f1_ssp585,5,61,760.1538723841867
historical,MIROC6_r1i1p1f1_ssp585,10,56,906.5434921717048
historical,MIROC6_r1i1p1f1_ssp585,15,51,972.319465686984
historical,MIROC6_r1i1p1f1_ssp585,20,46,1004.0634923979167
historical,MIROC6_r2i1p1f1_ssp245,2,64,497.2670615847637
historical,MIROC6_r2i1p1f1_ssp245,5,61,700.906546412046
historical,MIROC6_r2i1p1f1_ssp245,10,56,892.0673230991318
historical,MIROC6_r2i1p1f1_ssp245,15,51,896.9680501861086
historical,MIROC6_r2i1p1f1_ssp245,20,46,936.599355352308
historical,MIROC6_r2i1p1f1_ssp370,2,64,497.2670615847637
historical,MIROC6_r2i1p1f1_ssp370,5,61,700.906546412046
historical,MIROC6_r2i1p1f1_ssp370,10,56,892.0673230991318
historical,MIROC6_r2i1p1f1_ssp370,15,51,896.9680501861086
historical,MIROC6_r2i1p1f1_ssp370,20,46,936.599355352308
historical,MIROC6_r2i1p1f1_ssp585,2,64,497.2670615847637
historical,MIROC6_r2i1p1f1_ssp585,5,61,700.906546412046
historical,MIROC6_r2i1p1f1_ssp585,10,56,892.0673230991318
historical,MIROC6_r2i1p1f1_ssp585,15,51,896.9680501861086
historical,MIROC6_r2i1p1f1_ssp585,20,46,936.599355352308
historical,MIROC6_r3i1p1f1_ssp245,2,64,616.0567261601318
historical,MIROC6_r3i1p1f1_ssp245,5,61,807.5457989443166
historical,MIROC6_r3i1p1f1_ssp245,10,56,906.5226966568683
historical,MIROC6_r3i1p1f1_ssp245,15,51,954.2039842251829
historical,MIROC6_r3i1p1f1_ssp245,20,46,960.8916283308772
historical,MIROC6_r3i1p1f1_ssp370,2,64,616.0567261601318
historical,MIROC6_r3i1p1f1_ssp370,5,61,807.5457989443166
historical,MIROC6_r3i1p1f1_ssp370,10,56,906.5226966568683
historical,MIROC6_r3i1p1f1_ssp370,15,51,954.2039842251829
historical,MIROC6_r3i1p1f1_ssp370,20,46,960.8916283308772
historical,MIROC6_r3i1p1f1_ssp585,2,64,616.0567261601318
historical,MIROC6_r3i1p1f1_ssp585,5,61,807.5457989443166
historical,MIROC6_r3i1p1f1_ssp585,10,56,906.5226966568683
historical,MIROC6_r3i1p1f1_ssp585,15,51,954.2039842251829
historical,MIROC6_r3i1p1f1_ssp585,20,46,960.8916283308772
historical,MIROC6_r4i1p1f1_ssp585,2,64,574.8275121481856
historical,MIROC6_r4i1p1f1_ssp585,5,61,797.509938570873
historical,MIROC6_r4i1p1f1_ssp585,10,56,880.7506325289844
historical,MIROC6_r4i1p1f1_ssp585,15,51,913.7419067460942
historical,MIROC6_r4i1p1f1_ssp585,20,46,930.6625660986538
historical,MIROC6_r5i1p1f1_ssp585,2,64,511.96659677072057
historical,MIROC6_r5i1p1f1_ssp585,5,61,824.7104849621013
historical,MIROC6_r5i1p1f1_ssp585,10,56,936.5949448586729
historical,MIROC6_r5i1p1f1_ssp585,15,51,1017.827904770258
historical,MIROC6_r5i1p1f1_ssp585,20,46,1041.6891113063025
historical,MPI-ESM1-2-HR_r10i1p1f1_ssp370,2,64,616.1051532556849
historical,MPI-ESM1-2-HR_r10i1p1f1_ssp370,5,61,730.5198716650615
historical,MPI-ESM1-2-HR_r10i1p1f1_ssp370,10,56,819.5528306524562
historical,MPI-ESM1-2-HR_r10i1p1f1_ssp370,15,51,867.464292746913
historical,MPI-ESM1-2-HR_r10i1p1f1_ssp370,20,46,896.6543508925421
historical,MPI-ESM1-2-HR_r1i1p1f1_ssp245,2,64,602.7970572510167
historical,MPI-ESM1-2-HR_r1i1p1f1_ssp245,5,61,758.6133141906306
historical,MPI-ESM1-2-HR_r1i1p1f1_ssp245,10,56,879.6786973037451
historical,MPI-ESM1-2-HR_r1i1p1f1_ssp245,15,51,880.8757669967711
historical,MPI-ESM1-2-HR_r1i1p1f1_ssp245,20,46,933.347935099873
historical,MPI-ESM1-2-HR_r1i1p1f1_ssp370,2,64,602.7970572510167
historical,MPI-ESM1-2-HR_r1i1p1f1_ssp370,5,61,758.6133141906306
historical,MPI-ESM1-2-HR_r1i1p1f1_ssp370,10,56,879.6786973037451
historical,MPI-ESM1-2-HR_r1i1p1f1_ssp370,15,51,880.8757669967711
historical,MPI-ESM1-2-HR_r1i1p1f1_ssp370,20,46,933.347935099873
historical,MPI-ESM1-2-HR_r1i1p1f1_ssp585,2,64,602.7970572510167
historical,MPI-ESM1-2-HR_r1i1p1f1_ssp585,5,61,758.6133141906306
historical,MPI-ESM1-2-HR_r1i1p1f1_ssp585,10,56,879.6786973037451
historical,MPI-ESM1-2-HR_r1i1p1f1_ssp585,15,51,880.8757669967711
historical,MPI-ESM1-2-HR_r1i1p1f1_ssp585,20,46,933.347935099873
historical,MPI-ESM1-2-HR_r2i1p1f1_ssp245,2,64,704.0103744371299
historical,MPI-ESM1-2-HR_r2i1p1f1_ssp245,5,61,754.9423388997639
historical,MPI-ESM1-2-HR_r2i1p1f1_ssp245,10,56,937.9586018625611
historical,MPI-ESM1-2-HR_r2i1p1f1_ssp245,15,51,953.8329363389273
historical,MPI-ESM1-2-HR_r2i1p1f1_ssp245,20,46,939.4152317833007
historical,MPI-ESM1-2-HR_r2i1p1f1_ssp370,2,64,704.0103744371299
historical,MPI-ESM1-2-HR_r2i1p1f1_ssp370,5,61,754.9423388997639
historical,MPI-ESM1-2-HR_r2i1p1f1_ssp370,10,56,937.9586018625611
historical,MPI-ESM1-2-HR_r2i1p1f1_ssp370,15,51,953.8329363389273
historical,MPI-ESM1-2-HR_r2i1p1f1_ssp370,20,46,939.4152317833007
historical,MPI-ESM1-2-HR_r2i1p1f1_ssp585,2,64,704.0103744371299
historical,MPI-ESM1-2-HR_r2i1p1f1_ssp585,5,61,754.9423388997639
historical,MPI-ESM1-2-HR_r2i1p1f1_ssp585,10,56,937.9586018625611
historical,MPI-ESM1-2-HR_r2i1p1f1_ssp585,15,51,953.8329363389273
historical,MPI-ESM1-2-HR_r2i1p1f1_ssp585,20,46,939.4152317833007
historical,MPI-ESM1-2-HR_r3i1p1f1_ssp370,2,64,687.1990974558721
historical,MPI-ESM1-2-HR_r3i1p1f1_ssp370,5,61,808.077010962498
historical,MPI-ESM1-2-HR_r3i1p1f1_ssp370,10,56,936.2921085773363
historical,MPI-ESM1-2-HR_r3i1p1f1_ssp370,15,51,960.5635700168847
historical,MPI-ESM1-2-HR_r3i1p1f1_ssp370,20,46,996.2581535723439
historical,MPI-ESM1-2-HR_r4i1p1f1_ssp370,2,64,558.9096621236563
historical,MPI-ESM1-2-HR_r4i1p1f1_ssp370,5,61,719.2116857905479
historical,MPI-ESM1-2-HR_r4i1p1f1_ssp370,10,56,835.793312238274
historical,MPI-ESM1-2-HR_r4i1p1f1_ssp370,15,51,889.7184689561017
historical,MPI-ESM1-2-HR_r4i1p1f1_ssp370,20,46,926.5771187754502
historical,MPI-ESM1-2-HR_r5i1p1f1_ssp370,2,64,686.8563594267453
historical,MPI-ESM1-2-HR_r5i1p1f1_ssp370,5,61,844.8124357609984
historical,MPI-ESM1-2-HR_r5i1p1f1_ssp370,10,56,939.6325140004744
historical,MPI-ESM1-2-HR_r5i1p1f1_ssp370,15,51,949.4364542393312
historical,MPI-ESM1-2-HR_r5i1p1f1_ssp370,20,46,976.232608218341
historical,MPI-ESM1-2-HR_r6i1p1f1_ssp370,2,64,757.6251825761055
historical,MPI-ESM1-2-HR_r6i1p1f1_ssp370,5,61,925.5366748096233
historical,MPI-ESM1-2-HR_r6i1p1f1_ssp370,10,56,984.2807228835442
historical,MPI-ESM1-2-HR_r6i1p1f1_ssp370,15,51,1008.663965155648
historical,MPI-ESM1-2-HR_r6i1p1f1_ssp370,20,46,1022.6816167813438
historical,MPI-ESM1-2-HR_r7i1p1f1_ssp370,2,64,627.2431636058463
historical,MPI-ESM1-2-HR_r7i1p1f1_ssp370,5,61,802.0022637171637
historical,MPI-ESM1-2-HR_r7i1p1f1_ssp370,10,56,888.7959743048648
historical,MPI-ESM1-2-HR_r7i1p1f1_ssp370,15,51,922.2577513132836
historical,MPI-ESM1-2-HR_r7i1p1f1_ssp370,20,46,984.9712977228
historical,MPI-ESM1-2-HR_r8i1p1f1_ssp370,2,64,476.0418036558094
historical,MPI-ESM1-2-HR_r8i1p1f1_ssp370,5,61,680.282538765663
historical,MPI-ESM1-2-HR_r8i1p1f1_ssp370,10,56,786.5994297019477
historical,MPI-ESM1-2-HR_r8i1p1f1_ssp370,15,51,879.7057446210252
historical,MPI-ESM1-2-HR_r8i1p1f1_ssp370,20,46,905.2684826466914
historical,MPI-ESM1-2-HR_r9i1p1f1_ssp370,2,64,600.1409269694013
historical,MPI-ESM1-2-HR_r9i1p1f1_ssp370,5,61,743.1413467395818
historical,MPI-ESM1-2-HR_r9i1p1f1_ssp370,10,56,829.6590976026237
historical,MPI-ESM1-2-HR_r9i1p1f1_ssp370,15,51,875.4425667961929
historical,MPI-ESM1-2-HR_r9i1p1f1_ssp370,20,46,902.6159376457308
historical,MRI-ESM2-0_r1i1p1f1_ssp245,2,64,721.55281841748
historical,MRI-ESM2-0_r1i1p1f1_ssp245,5,61,778.7782379017692
historical,MRI-ESM2-0_r1i1p1f1_ssp245,10,56,928.202214017187
historical,MRI-ESM2-0_r1i1p1f1_ssp245,15,51,957.5542067068251
historical,MRI-ESM2-0_r1i1p1f1_ssp245,20,46,975.4287778958263
historical,MRI-ESM2-0_r1i1p1f1_ssp370,2,64,721.55281841748
historical,MRI-ESM2-0_r1i1p1f1_ssp370,5,61,778.7782379017692
historical,MRI-ESM2-0_r1i1p1f1_ssp370,10,56,928.202214017187
historical,MRI-ESM2-0_r1i1p1f1_ssp370,15,51,957.5542067068251
historical,MRI-ESM2-0_r1i1p1f1_ssp370,20,46,975.4287778958263
historical,MRI-ESM2-0_r1i1p1f1_ssp585,2,64,721.55281841748
historical,MRI-ESM2-0_r1i1p1f1_ssp585,5,61,778.7782379017692
historical,MRI-ESM2-0_r1i1p1f1_ssp585,10,56,928.202214017187
historical,MRI-ESM2-0_r1i1p1f1_ssp585,15,51,957.5542067068251
historical,MRI-ESM2-0_r1i1p1f1_ssp585,20,46,975.4287778958263
historical,MRI-ESM2-0_r2i1p1f1_ssp370,2,64,602.8409527202839
historical,MRI-ESM2-0_r2i1p1f1_ssp370,5,61,815.1930337018115
historical,MRI-ESM2-0_r2i1p1f1_ssp370,10,56,947.5856788184531
historical,MRI-ESM2-0_r2i1p1f1_ssp370,15,51,960.8293227799338
historical,MRI-ESM2-0_r2i1p1f1_ssp370,20,46,997.237665087634
historical,MRI-ESM2-0_r3i1p1f1_ssp370,2,64,686.1470100901752
historical,MRI-ESM2-0_r3i1p1f1_ssp370,5,61,772.1911895016522
historical,MRI-ESM2-0_r3i1p1f1_ssp370,10,56,909.7356456555099
historical,MRI-ESM2-0_r3i1p1f1_ssp370,15,51,967.2372836005995
historical,MRI-ESM2-0_r3i1p1f1_ssp370,20,46,983.5193195606764
historical,MRI-ESM2-0_r4i1p1f1_ssp370,2,64,659.4761474248426
historical,MRI-ESM2-0_r4i1p1f1_ssp370,5,61,833.7741135755147
historical,MRI-ESM2-0_r4i1p1f1_ssp370,10,56,949.4017967465952
historical,MRI-ESM2-0_r4i1p1f1_ssp370,15,51,999.779952230797
historical,MRI-ESM2-0_r4i1p1f1_ssp370,20,46,1011.5464573742444
historical,MRI-ESM2-0_r5i1p1f1_ssp370,2,64,651.1867652695437
historical,MRI-ESM2-0_r5i1p1f1_ssp370,5,61,749.3907161667782
historical,MRI-ESM2-0_r5i1p1f1_ssp370,10,56,876.1890257142389
historical,MRI-ESM2-0_r5i1p1f1_ssp370,15,51,944.3789260035578
historical,MRI-ESM2-0_r5i1p1f1_ssp370,20,46,991.1114519805036
early_projection,ACCESS-CM2_r1i1p1f1_ssp245,2,39,737.5766676600579
early_projection,ACCESS-CM2_r1i1p1f1_ssp245,5,36,890.0072594937243
early_projection,ACCESS-CM2_r1i1p1f1_ssp245,10,31,960.4931909728773
early_projection,ACCESS-CM2_r1i1p1f1_ssp245,15,26,1022.4602701086495
early_projection,ACCESS-CM2_r1i1p1f1_ssp245,20,21,1022.0776799778429
early_projection,ACCESS-CM2_r1i1p1f1_ssp370,2,39,683.5687770956174
early_projection,ACCESS-CM2_r1i1p1f1_ssp370,5,36,798.8038027759467
early_projection,ACCESS-CM2_r1i1p1f1_ssp370,10,31,894.2482141324272
early_projection,ACCESS-CM2_r1i1p1f1_ssp370,15,26,958.7700062216664
early_projection,ACCESS-CM2_r1i1p1f1_ssp370,20,21,1002.1340728388477
early_projection,ACCESS-CM2_r1i1p1f1_ssp585,2,39,719.424654370423
early_projection,ACCESS-CM2_r1i1p1f1_ssp585,5,36,841.6277245370475
early_projection,ACCESS-CM2_r1i1p1f1_ssp585,10,31,960.3482900033596
early_projection,ACCESS-CM2_r1i1p1f1_ssp585,15,26,988.6350486045601
early_projection,ACCESS-CM2_r1i1p1f1_ssp585,20,21,1022.9740917976594
early_projection,ACCESS-CM2_r2i1p1f1_ssp245,2,39,584.6633348351643
early_projection,ACCESS-CM2_r2i1p1f1_ssp245,5,36,788.90141109501
early_projection,ACCESS-CM2_r2i1p1f1_ssp245,10,31,875.1485842340386
early_projection,ACCESS-CM2_r2i1p1f1_ssp245,15,26,943.950163807159
early_projection,ACCESS-CM2_r2i1p1f1_ssp245,20,21,928.0300836309298
early_projection,ACCESS-CM2_r2i1p1f1_ssp370,2,39,404.1079133829744
early_projection,ACCESS-CM2_r2i1p1f1_ssp370,5,36,617.895860407225
early_projection,ACCESS-CM2_r2i1p1f1_ssp370,10,31,783.0061530672779
early_projection,ACCESS-CM2_r2i1p1f1_ssp370,15,26,846.983929161719
early_projection,ACCESS-CM2_r2i1p1f1_ssp370,20,21,900.219762729339
early_projection,ACCESS-CM2_r2i1p1f1_ssp585,2,39,616.7001626169699
early_projection,ACCESS-CM2_r2i1p1f1_ssp585,5,36,780.3249582446755
early_projection,ACCESS-CM2_r2i1p1f1_ssp585,10,31,954.2472973676668
early_projection,ACCESS-CM2_r2i1p1f1_ssp585,15,26,1057.388658012977
early_projection,ACCESS-CM2_r2i1p1f1_ssp585,20,21,1086.6438767129277
early_projection,ACCESS-CM2_r3i1p1f1_ssp245,2,39,617.0503671061713
early_projection,ACCESS-CM2_r3i1p1f1_ssp245,5,36,710.242801605453
early_projection,ACCESS-CM2_r3i1p1f1_ssp245,10,31,957.7976053198608
early_projection,ACCESS-CM2_r3i1p1f1_ssp245,15,26,1025.8530856215286
early_projection,ACCESS-CM2_r3i1p1f1_ssp245,20,21,1034.5530790825233
early_projection,ACCESS-CM2_r3i1p1f1_ssp370,2,39,655.2086273783934
early_projection,ACCESS-CM2_r3i1p1f1_ssp370,5,36,844.3624441440545
early_projection,ACCESS-CM2_r3i1p1f1_ssp370,10,31,932.1891169749466
early_projection,ACCESS-CM2_r3i1p1f1_ssp370,15,26,1028.0472359841913
early_projection,ACCESS-CM2_r3i1p1f1_ssp370,20,21,1057.7101158457222
early_projection,ACCESS-CM2_r3i1p1f1_ssp585,2,39,699.7862387309215
early_projection,ACCESS-CM2_r3i1p1f1_ssp585,5,36,784.6271420370358
early_projection,ACCESS-CM2_r3i1p1f1_ssp585,10,31,872.6934880100813
early_projection,ACCESS-CM2_r3i1p1f1_ssp585,15,26,915.6052772597574
early_projection,ACCESS-CM2_r3i1p1f1_ssp585,20,21,920.6659253504571
early_projection,CESM2-LENS_r10i1p1f1_ssp370,2,39,671.787039826364
early_projection,CESM2-LENS_r10i1p1f1_ssp370,5,36,798.8608605766527
early_projection,CESM2-LENS_r10i1p1f1_ssp370,10,31,917.7648653535019
early_projection,CESM2-LENS_r10i1p1f1_ssp370,15,26,919.6083195241018
early_projection,CESM2-LENS_r10i1p1f1_ssp370,20,21,952.7142367353736
early_projection,CESM2-LENS_r1i1p1f1_ssp370,2,39,613.6308065833418
early_projection,CESM2-LENS_r1i1p1f1_ssp370,5,36,754.2160170153635
early_projection,CESM2-LENS_r1i1p1f1_ssp370,10,31,848.7159565355763
early_projection,CESM2-LENS_r1i1p1f1_ssp370,15,26,917.0812228550288
early_projection,CESM2-LENS_r1i1p1f1_ssp370,20,21,956.2071490946897
early_projection,CESM2-LENS_r4i1p1f1_ssp370,2,39,565.1519923802616
early_projection,CESM2-LENS_r4i1p1f1_ssp370,5,36,733.6447872815688
early_projection,CESM2-LENS_r4i1p1f1_ssp370,10,31,969.2791614208458
early_projection,CESM2-LENS_r4i1p1f1_ssp370,15,26,989.2111740035693
early_projection,CESM2-LENS_r4i1p1f1_ssp370,20,21,997.1874622214148
early_projection,CESM2-LENS_r5i1p1f1_ssp370,2,39,708.6188614108478
early_projection,CESM2-LENS_r5i1p1f1_ssp370,5,36,842.681284337625
early_projection,CESM2-LENS_r5i1p1f1_ssp370,10,31,972.3332795021012
early_projection,CESM2-LENS_r5i1p1f1_ssp370,15,26,1018.4177357060595
early_projection,CESM2-LENS_r5i1p1f1_ssp370,20,21,1023.5587976146792
early_projection,CESM2-LENS_r6i1p1f1_ssp370,2,39,523.589947467527
early_projection,CESM2-LENS_r6i1p1f1_ssp370,5,36,753.080211834665
early_projection,CESM2-LENS_r6i1p1f1_ssp370,10,31,803.3309685540246
early_projection,CESM2-LENS_r6i1p1f1_ssp370,15,26,879.2158203376777
early_projection,CESM2-LENS_r6i1p1f1_ssp370,20,21,861.493454559778
early_projection,CESM2-LENS_r7i1p1f1_ssp370,2,39,482.12958833817584
early_projection,CESM2-LENS_r7i1p1f1_ssp370,5,36,733.7805414905397
early_projection,CESM2-LENS_r7i1p1f1_ssp370,10,31,851.1610354442039
early_projection,CESM2-LENS_r7i1p1f1_ssp370,15,26,895.5911293963421
early_projection,CESM2-LENS_r7i1p1f1_ssp370,20,21,951.8272939433664
early_projection,CESM2-LENS_r8i1p1f1_ssp370,2,39,539.6990307196593
early_projection,CESM2-LENS_r8i1p1f1_ssp370,5,36,750.3942413147685
early_projection,CESM2-LENS_r8i1p1f1_ssp370,10,31,828.8189956067865
early_projection,CESM2-LENS_r8i1p1f1_ssp370,15,26,880.202902481662
early_projection,CESM2-LENS_r8i1p1f1_ssp370,20,21,868.9345856415555
early_projection,CESM2-LENS_r9i1p1f1_ssp370,2,39,710.2263798862969
early_projection,CESM2-LENS_r9i1p1f1_ssp370,5,36,780.4336038424702
early_projection,CESM2-LENS_r9i1p1f1_ssp370,10,31,905.4741214772945
early_projection,CESM2-LENS_r9i1p1f1_ssp370,15,26,905.0881515438812
early_projection,CESM2-LENS_r9i1p1f1_ssp370,20,21,932.5720822520055
early_projection,CNRM-ESM2-1_r1i1p1f2_ssp245,2,39,704.4389748278459
early_projection,CNRM-ESM2-1_r1i1p1f2_ssp245,5,36,990.1770604241425
early_projection,CNRM-ESM2-1_r1i1p1f2_ssp245,10,31,999.7922916931484
early_projection,CNRM-ESM2-1_r1i1p1f2_ssp245,15,26,1021.5386054088234
early_projection,CNRM-ESM2-1_r1i1p1f2_ssp245,20,21,1063.6603512015622
early_projection,CNRM-ESM2-1_r1i1p1f2_ssp370,2,39,718.9674871261432
early_projection,CNRM-ESM2-1_r1i1p1f2_ssp370,5,36,856.3708395070673
early_projection,CNRM-ESM2-1_r1i1p1f2_ssp370,10,31,966.1910864843842
early_projection,CNRM-ESM2-1_r1i1p1f2_ssp370,15,26,1012.8421636083203
early_projection,CNRM-ESM2-1_r1i1p1f2_ssp370,20,21,1031.8521520043362
early_projection,CNRM-ESM2-1_r1i1p1f2_ssp585,2,39,662.3621777426397
early_projection,CNRM-ESM2-1_r1i1p1f2_ssp585,5,36,820.4207203050726
early_projection,CNRM-ESM2-1_r1i1p1f2_ssp585,10,31,872.8136701630376
early_projection,CNRM-ESM2-1_r1i1p1f2_ssp585,15,26,919.4956114439552
early_projection,CNRM-ESM2-1_r1i1p1f2_ssp585,20,21,966.9210454898588
early_projection,EC-Earth3-Veg_r1i1p1f1_ssp245,2,39,617.0694241016499
early_projection,EC-Earth3-Veg_r1i1p1f1_ssp245,5,36,810.501377816857
early_projection,EC-Earth3-Veg_r1i1p1f1_ssp245,10,31,1007.050621603465
early_projection,EC-Earth3-Veg_r1i1p1f1_ssp245,15,26,1003.1428240863552
early_projection,EC-Earth3-Veg_r1i1p1f1_ssp245,20,21,1033.864271394106
early_projection,EC-Earth3-Veg_r1i1p1f1_ssp370,2,39,651.7719099127162
early_projection,EC-Earth3-Veg_r1i1p1f1_ssp370,5,36,940.3564762457147
early_projection,EC-Earth3-Veg_r1i1p1f1_ssp370,10,31,1029.2805432303662
early_projection,EC-Earth3-Veg_r1i1p1f1_ssp370,15,26,1069.943448085792
early_projection,EC-Earth3-Veg_r1i1p1f1_ssp370,20,21,1114.4128424055293
early_projection,EC-Earth3-Veg_r1i1p1f1_ssp585,2,39,745.3537740713291
early_projection,EC-Earth3-Veg_r1i1p1f1_ssp585,5,36,868.227722998241
early_projection,EC-Earth3-Veg_r1i1p1f1_ssp585,10,31,933.8997565683425
early_projection,EC-Earth3-Veg_r1i1p1f1_ssp585,15,26,969.5118662684592
early_projection,EC-Earth3-Veg_r1i1p1f1_ssp585,20,21,1008.1079872575094
early_projection,EC-Earth3-Veg_r2i1p1f1_ssp245,2,39,554.7750689401473
early_projection,EC-Earth3-Veg_r2i1p1f1_ssp245,5,36,806.298551235348
early_projection,EC-Earth3-Veg_r2i1p1f1_ssp245,10,31,903.8094343135588
early_projection,EC-Earth3-Veg_r2i1p1f1_ssp245,15,26,988.8545518125538
early_projection,EC-Earth3-Veg_r2i1p1f1_ssp245,20,21,977.3910570774091
early_projection,EC-Earth3-Veg_r2i1p1f1_ssp370,2,39,707.5781552337976
early_projection,EC-Earth3-Veg_r2i1p1f1_ssp370,5,36,860.5958342814454
early_projection,EC-Earth3-Veg_r2i1p1f1_ssp370,10,31,960.259480756578
early_projection,EC-Earth3-Veg_r2i1p1f1_ssp370,15,26,1047.1237955089507
early_projection,EC-Earth3-Veg_r2i1p1f1_ssp370,20,21,1042.635807413128
early_projection,EC-Earth3-Veg_r2i1p1f1_ssp585,2,39,702.7140927336819
early_projection,EC-Earth3-Veg_r2i1p1f1_ssp585,5,36,954.4387042577997
early_projection,EC-Earth3-Veg_r2i1p1f1_ssp585,10,31,1106.5081911130426
early_projection,EC-Earth3-Veg_r2i1p1f1_ssp585,15,26,1128.5333769489246
early_projection,EC-Earth3-Veg_r2i1p1f1_ssp585,20,21,1134.0495194957748
early_projection,EC-Earth3-Veg_r3i1p1f1_ssp245,2,39,659.3693717335627
early_projection,EC-Earth3-Veg_r3i1p1f1_ssp245,5,36,806.9274185754033
early_projection,EC-Earth3-Veg_r3i1p1f1_ssp245,10,31,859.9340300334968
early_projection,EC-Earth3-Veg_r3i1p1f1_ssp245,15,26,891.919600472084
early_projection,EC-Earth3-Veg_r3i1p1f1_ssp245,20,21,1015.368511020368
early_projection,EC-Earth3-Veg_r3i1p1f1_ssp370,2,39,776.0769916866902
early_projection,EC-Earth3-Veg_r3i1p1f1_ssp370,5,36,930.1893578607189
early_projection,EC-Earth3-Veg_r3i1p1f1_ssp370,10,31,1012.5258851289866
early_projection,EC-Earth3-Veg_r3i1p1f1_ssp370,15,26,1066.3545523820312
early_projection,EC-Earth3-Veg_r3i1p1f1_ssp370,20,21,1050.0447429766962
early_projection,EC-Earth3-Veg_r3i1p1f1_ssp585,2,39,609.2050153109249
early_projection,EC-Earth3-Veg_r3i1p1f1_ssp585,5,36,726.3887346489712
early_projection,EC-Earth3-Veg_r3i1p1f1_ssp585,10,31,878.0817758957024
early_projection,EC-Earth3-Veg_r3i1p1f1_ssp585,15,26,907.8428458318989
early_projection,EC-Earth3-Veg_r3i1p1f1_ssp585,20,21,968.3041020395762
early_projection,EC-Earth3-Veg_r4i1p1f1_ssp245,2,39,532.4958120035881
early_projection,EC-Earth3-Veg_r4i1p1f1_ssp245,5,36,755.9038864877381
early_projection,EC-Earth3-Veg_r4i1p1f1_ssp245,10,31,1002.9883831098207
early_projection,EC-Earth3-Veg_r4i1p1f1_ssp245,15,26,1056.6982019702632
early_projection,EC-Earth3-Veg_r4i1p1f1_ssp245,20,21,1059.5732227232056
early_projection,EC-Earth3-Veg_r4i1p1f1_ssp370,2,39,584.4683871114557
early_projection,EC-Earth3-Veg_r4i1p1f1_ssp370,5,36,813.513756268649
early_projection,EC-Earth3-Veg_r4i1p1f1_ssp370,10,31,931.7262405656569
early_projection,EC-Earth3-Veg_r4i1p1f1_ssp370,15,26,1012.1117457239171
early_projection,EC-Earth3-Veg_r4i1p1f1_ssp370,20,21,1085.8464766618624
early_projection,EC-Earth3-Veg_r4i1p1f1_ssp585,2,39,688.8409058405941
early_projection,EC-Earth3-Veg_r4i1p1f1_ssp585,5,36,739.9266643585222
early_projection,EC-Earth3-Veg_r4i1p1f1_ssp585,10,31,958.1956533775634
early_projection,EC-Earth3-Veg_r4i1p1f1_ssp585,15,26,964.8511309555796
early_projection,EC-Earth3-Veg_r4i1p1f1_ssp585,20,21,973.970848361052
early_projection,EC-Earth3-Veg_r5i1p1f1_ssp245,2,39,653.5765334771331
early_projection,EC-Earth3-Veg_r5i1p1f1_ssp245,5,36,809.1706426006058
early_projection,EC-Earth3-Veg_r5i1p1f1_ssp245,10,31,818.4158253205254
early_projection,EC-Earth3-Veg_r5i1p1f1_ssp245,15,26,923.0668713895599
early_projection,EC-Earth3-Veg_r5i1p1f1_ssp245,20,21,972.3543969522391
early_projection,EC-Earth3_r1i1p1f1_ssp245,2,39,528.2935521726595
early_projection,EC-Earth3_r1i1p1f1_ssp245,5,36,753.5814789094417
early_projection,EC-Earth3_r1i1p1f1_ssp245,10,31,962.4928010083753
early_projection,EC-Earth3_r1i1p1f1_ssp245,15,26,985.3037130761481
early_projection,EC-Earth3_r1i1p1f1_ssp245,20,21,1000.0010564935544
early_projection,EC-Earth3_r1i1p1f1_ssp370,2,39,684.9312521841011
early_projection,EC-Earth3_r1i1p1f1_ssp370,5,36,877.4068019892351
early_projection,EC-Earth3_r1i1p1f1_ssp370,10,31,922.0580205496566
early_projection,EC-Earth3_r1i1p1f1_ssp370,15,26,956.999093513669
early_projection,EC-Earth3_r1i1p1f1_ssp370,20,21,987.6330492172244
early_projection,EC-Earth3_r1i1p1f1_ssp585,2,39,667.0686811877604
early_projection,EC-Earth3_r1i1p1f1_ssp585,5,36,788.3507608707896
early_projection,EC-Earth3_r1i1p1f1_ssp585,10,31,927.375459098151
early_projection,EC-Earth3_r1i1p1f1_ssp585,15,26,945.7527504474219
early_projection,EC-Earth3_r1i1p1f1_ssp585,20,21,988.567855981479
early_projection,EC-Earth3_r2i1p1f1_ssp245,2,39,618.6843126968511
early_projection,EC-Earth3_r2i1p1f1_ssp245,5,36,804.820440126774
early_projection,EC-Earth3_r2i1p1f1_ssp245,10,31,843.885943813734
early_projection,EC-Earth3_r2i1p1f1_ssp245,15,26,893.3673307920593
early_projection,EC-Earth3_r2i1p1f1_ssp245,20,21,889.0667270860124
early_projection,EC-Earth3_r3i1p1f1_ssp585,2,39,669.133679275863
early_projection,EC-Earth3_r3i1p1f1_ssp585,5,36,792.2102376410505
early_projection,EC-Earth3_r3i1p1f1_ssp585,10,31,867.9535817493739
early_projection,EC-Earth3_r3i1p1f1_ssp585,15,26,898.5641015657202
early_projection,EC-Earth3_r3i1p1f1_ssp585,20,21,952.5123228058453
early_projection,EC-Earth3_r4i1p1f1_ssp245,2,39,526.2206473532715
early_projection,EC-Earth3_r4i1p1f1_ssp245,5,36,787.2521029666008
early_projection,EC-Earth3_r4i1p1f1_ssp245,10,31,897.134232210158
early_projection,EC-Earth3_r4i1p1f1_ssp245,15,26,968.5126409642612
early_projection,EC-Earth3_r4i1p1f1_ssp245,20,21,1084.6562856189144
early_projection,EC-Earth3_r4i1p1f1_ssp370,2,39,692.0386819581308
early_projection,EC-Earth3_r4i1p1f1_ssp370,5,36,905.9321872986081
early_projection,EC-Earth3_r4i1p1f1_ssp370,10,31,999.8419441327075
early_projection,EC-Earth3_r4i1p1f1_ssp370,15,26,1041.5595781733593
early_projection,EC-Earth3_r4i1p1f1_ssp370,20,21,1044.3276021499883
early_projection,EC-Earth3_r4i1p1f1_ssp585,2,39,651.2759757407093
early_projection,EC-Earth3_r4i1p1f1_ssp585,5,36,818.2281118462386
early_projection,EC-Earth3_r4i1p1f1_ssp585,10,31,1034.2625286756197
early_projection,EC-Earth3_r4i1p1f1_ssp585,15,26,1040.8696775170517
early_projection,EC-Earth3_r4i1p1f1_ssp585,20,21,1066.340014318125
early_projection,FGOALS-g3_r1i1p1f1_ssp245,2,39,715.2956325132213
early_projection,FGOALS-g3_r1i1p1f1_ssp245,5,36,895.7352672704358
early_projection,FGOALS-g3_r1i1p1f1_ssp245,10,31,960.328676455964
early_projection,FGOALS-g3_r1i1p1f1_ssp245,15,26,993.2125774536914
early_projection,FGOALS-g3_r1i1p1f1_ssp245,20,21,1018.8174021760827
early_projection,FGOALS-g3_r1i1p1f1_ssp370,2,39,726.0649919785101
early_projection,FGOALS-g3_r1i1p1f1_ssp370,5,36,977.4068224330055
early_projection,FGOALS-g3_r1i1p1f1_ssp370,10,31,1061.7528351084416
early_projection,FGOALS-g3_r1i1p1f1_ssp370,15,26,1096.5306128728657
early_projection,FGOALS-g3_r1i1p1f1_ssp370,20,21,1110.7510323520974
early_projection,FGOALS-g3_r1i1p1f1_ssp585,2,39,526.6189176918178
early_projection,FGOALS-g3_r1i1p1f1_ssp585,5,36,699.0764974039121
early_projection,FGOALS-g3_r1i1p1f1_ssp585,10,31,877.2437393982724
early_projection,FGOALS-g3_r1i1p1f1_ssp585,15,26,959.5916751315273
early_projection,FGOALS-g3_r1i1p1f1_ssp585,20,21,974.6636184320236
early_projection,FGOALS-g3_r3i1p1f1_ssp245,2,39,535.0873338734873
early_projection,FGOALS-g3_r3i1p1f1_ssp245,5,36,816.8807082624655
early_projection,FGOALS-g3_r3i1p1f1_ssp245,10,31,906.6869618105356
early_projection,FGOALS-g3_r3i1p1f1_ssp245,15,26,951.5346579337469
early_projection,FGOALS-g3_r3i1p1f1_ssp245,20,21,1025.1634219894165
early_projection,FGOALS-g3_r3i1p1f1_ssp370,2,39,757.0343149064165
early_projection,FGOALS-g3_r3i1p1f1_ssp370,5,36,935.4720074585409
early_projection,FGOALS-g3_r3i1p1f1_ssp370,10,31,1017.7709842971128
early_projection,FGOALS-g3_r3i1p1f1_ssp370,15,26,1047.9105185910516
early_projection,FGOALS-g3_r3i1p1f1_ssp370,20,21,1073.8272841083985
early_projection,FGOALS-g3_r3i1p1f1_ssp585,2,39,607.9882858932847
early_projection,FGOALS-g3_r3i1p1f1_ssp585,5,36,727.5068285491595
early_projection,FGOALS-g3_r3i1p1f1_ssp585,10,31,1012.5067940023961
early_projection,FGOALS-g3_r3i1p1f1_ssp585,15,26,997.7432863287862
early_projection,FGOALS-g3_r3i1p1f1_ssp585,20,21,1098.70531365121
early_projection,FGOALS-g3_r4i1p1f1_ssp245,2,39,779.8286837364085
early_projection,FGOALS-g3_r4i1p1f1_ssp245,5,36,850.706664406099
early_projection,FGOALS-g3_r4i1p1f1_ssp245,10,31,914.2316079912123
early_projection,FGOALS-g3_r4i1p1f1_ssp245,15,26,982.5931059256399
early_projection,FGOALS-g3_r4i1p1f1_ssp245,20,21,1037.8533757501987
early_projection,FGOALS-g3_r4i1p1f1_ssp370,2,39,756.5249453419328
early_projection,FGOALS-g3_r4i1p1f1_ssp370,5,36,934.4242700165184
early_projection,FGOALS-g3_r4i1p1f1_ssp370,10,31,1013.5080013150131
early_projection,FGOALS-g3_r4i1p1f1_ssp370,15,26,1046.0833961443893
early_projection,FGOALS-g3_r4i1p1f1_ssp370,20,21,1066.0018983877594
early_projection,FGOALS-g3_r4i1p1f1_ssp585,2,39,669.9228448719987
early_projection,FGOALS-g3_r4i1p1f1_ssp585,5,36,778.7640607986281
early_projection,FGOALS-g3_r4i1p1f1_ssp585,10,31,853.2525600024259
early_projection,FGOALS-g3_r4i1p1f1_ssp585,15,26,883.6229356482555
early_projection,FGOALS-g3_r4i1p1f1_ssp585,20,21,950.298118943749
early_projection,FGOALS-g3_r5i1p1f1_ssp370,2,39,710.47948093576
early_projection,FGOALS-g3_r5i1p1f1_ssp370,5,36,874.7720727069561
early_projection,FGOALS-g3_r5i1p1f1_ssp370,10,31,974.7539409569596
early_projection,FGOALS-g3_r5i1p1f1_ssp370,15,26,1008.8527868830915
early_projection,FGOALS-g3_r5i1p1f1_ssp370,20,21,1034.7808567597572
early_projection,GFDL-ESM4_r1i1p1f1_ssp245,2,39,644.0486764997031
early_projection,GFDL-ESM4_r1i1p1f1_ssp245,5,36,850.0097487837335
early_projection,GFDL-ESM4_r1i1p1f1_ssp245,10,31,903.5705222392278
early_projection,GFDL-ESM4_r1i1p1f1_ssp245,15,26,933.8960489742786
early_projection,GFDL-ESM4_r1i1p1f1_ssp245,20,21,969.3693828640647
early_projection,GFDL-ESM4_r1i1p1f1_ssp370,2,39,632.1128416599204
early_projection,GFDL-ESM4_r1i1p1f1_ssp370,5,36,889.2473478249573
early_projection,GFDL-ESM4_r1i1p1f1_ssp370,10,31,908.3199344138262
early_projection,GFDL-ESM4_r1i1p1f1_ssp370,15,26,938.8236530859236
early_projection,GFDL-ESM4_r1i1p1f1_ssp370,20,21,956.250230008812
early_projection,GFDL-ESM4_r1i1p1f1_ssp585,2,39,607.0470847665874
early_projection,GFDL-ESM4_r1i1p1f1_ssp585,5,36,844.3049315538559
early_projection,GFDL-ESM4_r1i1p1f1_ssp585,10,31,932.1458131707444
early_projection,GFDL-ESM4_r1i1p1f1_ssp585,15,26,949.822354945526
early_projection,GFDL-ESM4_r1i1p1f1_ssp585,20,21,975.4205084772723
early_projection,HadGEM3-GC31-LL_r1i1p1f3_ssp245,2,39,765.2377783630654
early_projection,HadGEM3-GC31-LL_r1i1p1f3_ssp245,5,36,822.1441204562095
early_projection,HadGEM3-GC31-LL_r1i1p1f3_ssp245,10,31,1003.5866034880228
early_projection,HadGEM3-GC31-LL_r1i1p1f3_ssp245,15,26,1002.1506792774968
early_projection,HadGEM3-GC31-LL_r1i1p1f3_ssp245,20,21,1056.5277153781378
early_projection,HadGEM3-GC31-LL_r1i1p1f3_ssp585,2,39,714.0056521813895
early_projection,HadGEM3-GC31-LL_r1i1p1f3_ssp585,5,36,913.5426860600561
early_projection,HadGEM3-GC31-LL_r1i1p1f3_ssp585,10,31,996.9966852600488
early_projection,HadGEM3-GC31-LL_r1i1p1f3_ssp585,15,26,1064.159671066416
early_projection,HadGEM3-GC31-LL_r1i1p1f3_ssp585,20,21,1109.485520693215
early_projection,HadGEM3-GC31-LL_r2i1p1f3_ssp585,2,39,590.0482170384648
early_projection,HadGEM3-GC31-LL_r2i1p1f3_ssp585,5,36,879.2131757791983
early_projection,HadGEM3-GC31-LL_r2i1p1f3_ssp585,10,31,927.6095475582202
early_projection,HadGEM3-GC31-LL_r2i1p1f3_ssp585,15,26,967.3457133154747
early_projection,HadGEM3-GC31-LL_r2i1p1f3_ssp585,20,21,1000.3017948746137
early_projection,HadGEM3-GC31-LL_r3i1p1f3_ssp585,2,39,688.1222304846578
early_projection,HadGEM3-GC31-LL_r3i1p1f3_ssp585,5,36,836.4060041941727
early_projection,HadGEM3-GC31-LL_r3i1p1f3_ssp585,10,31,980.4008513093228
early_projection,HadGEM3-GC31-LL_r3i1p1f3_ssp585,15,26,1011.9163576151676
early_projection,HadGEM3-GC31-LL_r3i1p1f3_ssp585,20,21,1016.1590944457469
early_projection,INM-CM5-0_r1i1p1f1_ssp245,2,39,657.6618289395974
early_projection,INM-CM5-0_r1i1p1f1_ssp245,5,36,906.1289476483005
early_projection,INM-CM5-0_r1i1p1f1_ssp245,10,31,981.4555435117032
early_projection,INM-CM5-0_r1i1p1f1_ssp245,15,26,1010.8005037076073
early_projection,INM-CM5-0_r1i1p1f1_ssp245,20,21,1079.443580332878
early_projection,INM-CM5-0_r1i1p1f1_ssp370,2,39,560.214269828316
early_projection,INM-CM5-0_r1i1p1f1_ssp370,5,36,730.4480834155187
early_projection,INM-CM5-0_r1i1p1f1_ssp370,10,31,800.6146558857332
early_projection,INM-CM5-0_r1i1p1f1_ssp370,15,26,891.1834660374294
early_projection,INM-CM5-0_r1i1p1f1_ssp370,20,21,936.3600436516701
early_projection,INM-CM5-0_r1i1p1f1_ssp585,2,39,612.169197838848
early_projection,INM-CM5-0_r1i1p1f1_ssp585,5,36,866.1385711150884
early_projection,INM-CM5-0_r1i1p1f1_ssp585,10,31,1016.2404769348511
early_projection,INM-CM5-0_r1i1p1f1_ssp585,15,26,1017.7189156832193
early_projection,INM-CM5-0_r1i1p1f1_ssp585,20,21,1054.8747824510679
early_projection,INM-CM5-0_r2i1p1f1_ssp370,2,39,671.7007659888177
early_projection,INM-CM5-0_r2i1p1f1_ssp370,5,36,866.7182961779338
early_projection,INM-CM5-0_r2i1p1f1_ssp370,10,31,954.070183575124
early_projection,INM-CM5-0_r2i1p1f1_ssp370,15,26,1014.7453684762538
early_projection,INM-CM5-0_r2i1p1f1_ssp370,20,21,1077.0842371037834
early_projection,INM-CM5-0_r3i1p1f1_ssp370,2,39,813.3296791775847
early_projection,INM-CM5-0_r3i1p1f1_ssp370,5,36,881.1759487254633
early_projection,INM-CM5-0_r3i1p1f1_ssp370,10,31,941.3685854889529
early_projection,INM-CM5-0_r3i1p1f1_ssp370,15,26,1013.2413717912256
early_projection,INM-CM5-0_r3i1p1f1_ssp370,20,21,1006.7839491665293
early_projection,INM-CM5-0_r4i1p1f1_ssp370,2,39,767.2071327846352
early_projection,INM-CM5-0_r4i1p1f1_ssp370,5,36,855.7302577289913
early_projection,INM-CM5-0_r4i1p1f1_ssp370,10,31,978.9199509487611
early_projection,INM-CM5-0_r4i1p1f1_ssp370,15,26,1031.0557374347914
early_projection,INM-CM5-0_r4i1p1f1_ssp370,20,21,1033.9395399545372
early_projection,INM-CM5-0_r5i1p1f1_ssp370,2,39,711.4782329440604
early_projection,INM-CM5-0_r5i1p1f1_ssp370,5,36,847.6998403515194
early_projection,INM-CM5-0_r5i1p1f1_ssp370,10,31,979.4378998302254
early_projection,INM-CM5-0_r5i1p1f1_ssp370,15,26,997.2221274223041
early_projection,INM-CM5-0_r5i1p1f1_ssp370,20,21,1009.7980406074117
early_projection,IPSL-CM6A-LR_r10i1p1f1_ssp370,2,39,727.2756636231334
early_projection,IPSL-CM6A-LR_r10i1p1f1_ssp370,5,36,825.4309939943847
early_projection,IPSL-CM6A-LR_r10i1p1f1_ssp370,10,31,955.0362102552851
early_projection,IPSL-CM6A-LR_r10i1p1f1_ssp370,15,26,976.9436537393834
early_projection,IPSL-CM6A-LR_r10i1p1f1_ssp370,20,21,1025.041171044607
early_projection,IPSL-CM6A-LR_r1i1p1f1_ssp245,2,39,610.5679841850244
early_projection,IPSL-CM6A-LR_r1i1p1f1_ssp245,5,36,892.2596395032793
early_projection,IPSL-CM6A-LR_r1i1p1f1_ssp245,10,31,1001.9801684843184
early_projection,IPSL-CM6A-LR_r1i1p1f1_ssp245,15,26,1022.561887652352
early_projection,IPSL-CM6A-LR_r1i1p1f1_ssp245,20,21,1031.0838726137724
early_projection,IPSL-CM6A-LR_r1i1p1f1_ssp370,2,39,605.6337445230412
early_projection,IPSL-CM6A-LR_r1i1p1f1_ssp370,5,36,835.9348500001754
early_projection,IPSL-CM6A-LR_r1i1p1f1_ssp370,10,31,895.6598943578645
early_projection,IPSL-CM6A-LR_r1i1p1f1_ssp370,15,26,923.2740483544278
early_projection,IPSL-CM6A-LR_r1i1p1f1_ssp370,20,21,982.3728348949271
early_projection,IPSL-CM6A-LR_r1i1p1f1_ssp585,2,39,633.4691640908022
early_projection,IPSL-CM6A-LR_r1i1p1f1_ssp585,5,36,876.0212238339743
early_projection,IPSL-CM6A-LR_r1i1p1f1_ssp585,10,31,945.5569104082358
early_projection,IPSL-CM6A-LR_r1i1p1f1_ssp585,15,26,984.9269769219711
early_projection,IPSL-CM6A-LR_r1i1p1f1_ssp585,20,21,1009.3756870769324
early_projection,IPSL-CM6A-LR_r2i1p1f1_ssp245,2,39,556.3015083459431
early_projection,IPSL-CM6A-LR_r2i1p1f1_ssp245,5,36,762.1742832997639
early_projection,IPSL-CM6A-LR_r2i1p1f1_ssp245,10,31,878.5556716850733
early_projection,IPSL-CM6A-LR_r2i1p1f1_ssp245,15,26,1026.5063073483607
early_projection,IPSL-CM6A-LR_r2i1p1f1_ssp245,20,21,1061.232357590466
early_projection,IPSL-CM6A-LR_r2i1p1f1_ssp370,2,39,729.503754805286
early_projection,IPSL-CM6A-LR_r2i1p1f1_ssp370,5,36,968.7396636776917
early_projection,IPSL-CM6A-LR_r2i1p1f1_ssp370,10,31,1021.3529295929638
early_projection,IPSL-CM6A-LR_r2i1p1f1_ssp370,15,26,1024.638775541175
early_projection,IPSL-CM6A-LR_r2i1p1f1_ssp370,20,21,1040.3580881931334
early_projection,IPSL-CM6A-LR_r2i1p1f1_ssp585,2,39,742.4278508370189
early_projection,IPSL-CM6A-LR_r2i1p1f1_ssp585,5,36,766.63795801461
early_projection,IPSL-CM6A-LR_r2i1p1f1_ssp585,10,31,863.3962714317701
early_projection,IPSL-CM6A-LR_r2i1p1f1_ssp585,15,26,965.2808300374212
early_projection,IPSL-CM6A-LR_r2i1p1f1_ssp585,20,21,1038.9278934343606
early_projection,IPSL-CM6A-LR_r3i1p1f1_ssp245,2,39,652.7310450108198
early_projection,IPSL-CM6A-LR_r3i1p1f1_ssp245,5,36,848.3753689700782
early_projection,IPSL-CM6A-LR_r3i1p1f1_ssp245,10,31,923.728470121371
early_projection,IPSL-CM6A-LR_r3i1p1f1_ssp245,15,26,952.7255401653971
early_projection,IPSL-CM6A-LR_r3i1p1f1_ssp245,20,21,966.8948126856016
early_projection,IPSL-CM6A-LR_r3i1p1f1_ssp370,2,39,631.2804662609233
early_projection,IPSL-CM6A-LR_r3i1p1f1_ssp370,5,36,922.0183637990034
early_projection,IPSL-CM6A-LR_r3i1p1f1_ssp370,10,31,1027.9823558129308
early_projection,IPSL-CM6A-LR_r3i1p1f1_ssp370,15,26,1020.7960859751222
early_projection,IPSL-CM6A-LR_r3i1p1f1_ssp370,20,21,1072.5694128660862
early_projection,IPSL-CM6A-LR_r3i1p1f1_ssp585,2,39,631.9939801271939
early_projection,IPSL-CM6A-LR_r3i1p1f1_ssp585,5,36,904.7413774557302
early_projection,IPSL-CM6A-LR_r3i1p1f1_ssp585,10,31,927.443075183685
early_projection,IPSL-CM6A-LR_r3i1p1f1_ssp585,15,26,976.2486716017822
early_projection,IPSL-CM6A-LR_r3i1p1f1_ssp585,20,21,981.0652365037489
early_projection,IPSL-CM6A-LR_r4i1p1f1_ssp245,2,39,661.1319946071017
early_projection,IPSL-CM6A-LR_r4i1p1f1_ssp245,5,36,751.6859415965621
early_projection,IPSL-CM6A-LR_r4i1p1f1_ssp245,10,31,910.1070749153641
early_projection,IPSL-CM6A-LR_r4i1p1f1_ssp245,15,26,937.1625851970038
early_projection,IPSL-CM6A-LR_r4i1p1f1_ssp245,20,21,988.5775110672976
early_projection,IPSL-CM6A-LR_r4i1p1f1_ssp370,2,39,779.0857024335328
early_projection,IPSL-CM6A-LR_r4i1p1f1_ssp370,5,36,893.1542976527642
early_projection,IPSL-CM6A-LR_r4i1p1f1_ssp370,10,31,992.1862145194161
early_projection,IPSL-CM6A-LR_r4i1p1f1_ssp370,15,26,1033.4065695294937
early_projection,IPSL-CM6A-LR_r4i1p1f1_ssp370,20,21,1081.7951462177584
early_projection,IPSL-CM6A-LR_r4i1p1f1_ssp585,2,39,710.6250418446525
early_projection,IPSL-CM6A-LR_r4i1p1f1_ssp585,5,36,818.7863957600712
early_projection,IPSL-CM6A-LR_r4i1p1f1_ssp585,10,31,938.3135104346969
early_projection,IPSL-CM6A-LR_r4i1p1f1_ssp585,15,26,993.7476195550837
early_projection,IPSL-CM6A-LR_r4i1p1f1_ssp585,20,21,1026.4148852167464
early_projection,IPSL-CM6A-LR_r5i1p1f1_ssp245,2,39,672.200202612923
early_projection,IPSL-CM6A-LR_r5i1p1f1_ssp245,5,36,842.198694073144
early_projection,IPSL-CM6A-LR_r5i1p1f1_ssp245,10,31,923.5249957765058
early_projection,IPSL-CM6A-LR_r5i1p1f1_ssp245,15,26,929.7026566408241
early_projection,IPSL-CM6A-LR_r5i1p1f1_ssp245,20,21,951.8052376860735
early_projection,IPSL-CM6A-LR_r5i1p1f1_ssp370,2,39,744.9332093647895
early_projection,IPSL-CM6A-LR_r5i1p1f1_ssp370,5,36,910.4471301377923
early_projection,IPSL-CM6A-LR_r5i1p1f1_ssp370,10,31,963.6390577313778
early_projection,IPSL-CM6A-LR_r5i1p1f1_ssp370,15,26,1026.8173702301672
early_projection,IPSL-CM6A-LR_r5i1p1f1_ssp370,20,21,1074.5087234866983
early_projection,IPSL-CM6A-LR_r6i1p1f1_ssp370,2,39,766.8284377424243
early_projection,IPSL-CM6A-LR_r6i1p1f1_ssp370,5,36,800.0609429427019
early_projection,IPSL-CM6A-LR_r6i1p1f1_ssp370,10,31,1032.2543704222421
early_projection,IPSL-CM6A-LR_r6i1p1f1_ssp370,15,26,1046.4839232698307
early_projection,IPSL-CM6A-LR_r6i1p1f1_ssp370,20,21,1053.4708753520958
early_projection,IPSL-CM6A-LR_r7i1p1f1_ssp370,2,39,653.4652425478962
early_projection,IPSL-CM6A-LR_r7i1p1f1_ssp370,5,36,794.8998878676896
early_projection,IPSL-CM6A-LR_r7i1p1f1_ssp370,10,31,877.3870277614693
early_projection,IPSL-CM6A-LR_r7i1p1f1_ssp370,15,26,995.3848364742189
early_projection,IPSL-CM6A-LR_r7i1p1f1_ssp370,20,21,985.6302629698552
early_projection,IPSL-CM6A-LR_r8i1p1f1_ssp370,2,39,724.4104231730071
early_projection,IPSL-CM6A-LR_r8i1p1f1_ssp370,5,36,958.5352108738509
early_projection,IPSL-CM6A-LR_r8i1p1f1_ssp370,10,31,1017.9521040334345
early_projection,IPSL-CM6A-LR_r8i1p1f1_ssp370,15,26,1044.6464848991438
early_projection,IPSL-CM6A-LR_r8i1p1f1_ssp370,20,21,1077.663672529167
early_projection,IPSL-CM6A-LR_r9i1p1f1_ssp370,2,39,671.7594709100397
early_projection,IPSL-CM6A-LR_r9i1p1f1_ssp370,5,36,817.0094532532016
early_projection,IPSL-CM6A-LR_r9i1p1f1_ssp370,10,31,857.7657217379922
early_projection,IPSL-CM6A-LR_r9i1p1f1_ssp370,15,26,887.0424965097766
early_projection,IPSL-CM6A-LR_r9i1p1f1_ssp370,20,21,950.0952898594749
early_projection,KACE-1-0-G_r1i1p1f1_ssp245,2,39,658.1833032021732
early_projection,KACE-1-0-G_r1i1p1f1_ssp245,5,36,851.8548262263873
early_projection,KACE-1-0-G_r1i1p1f1_ssp245,10,31,980.6212167678572
early_projection,KACE-1-0-G_r1i1p1f1_ssp245,15,26,959.7817510466414
early_projection,KACE-1-0-G_r1i1p1f1_ssp245,20,21,996.6731619537961
early_projection,KACE-1-0-G_r1i1p1f1_ssp370,2,39,720.0052007976265
early_projection,KACE-1-0-G_r1i1p1f1_ssp370,5,36,804.5386561741998
early_projection,KACE-1-0-G_r1i1p1f1_ssp370,10,31,928.7018773341445
early_projection,KACE-1-0-G_r1i1p1f1_ssp370,15,26,988.192753110021
early_projection,KACE-1-0-G_r1i1p1f1_ssp370,20,21,1006.520508074305
early_projection,KACE-1-0-G_r1i1p1f1_ssp585,2,39,582.2782145967631
early_projection,KACE-1-0-G_r1i1p1f1_ssp585,5,36,861.3979588244147
early_projection,KACE-1-0-G_r1i1p1f1_ssp585,10,31,938.7737524870847
early_projection,KACE-1-0-G_r1i1p1f1_ssp585,15,26,944.0882860889279
early_projection,KACE-1-0-G_r1i1p1f1_ssp585,20,21,1014.141313001844
early_projection,KACE-1-0-G_r2i1p1f1_ssp245,2,39,730.8043734302257
early_projection,KACE-1-0-G_r2i1p1f1_ssp245,5,36,906.1223690868977
early_projection,KACE-1-0-G_r2i1p1f1_ssp245,10,31,935.0227674104857
early_projection,KACE-1-0-G_r2i1p1f1_ssp245,15,26,971.5867223585147
early_projection,KACE-1-0-G_r2i1p1f1_ssp245,20,21,1054.9212738220683
early_projection,KACE-1-0-G_r2i1p1f1_ssp370,2,39,643.6671443508621
early_projection,KACE-1-0-G_r2i1p1f1_ssp370,5,36,828.737750423963
early_projection,KACE-1-0-G_r2i1p1f1_ssp370,10,31,921.4184620469362
early_projection,KACE-1-0-G_r2i1p1f1_ssp370,15,26,954.0709996631526
early_projection,KACE-1-0-G_r2i1p1f1_ssp370,20,21,971.988948206513
early_projection,KACE-1-0-G_r2i1p1f1_ssp585,2,39,559.5764494168857
early_projection,KACE-1-0-G_r2i1p1f1_ssp585,5,36,709.7725069189407
early_projection,KACE-1-0-G_r2i1p1f1_ssp585,10,31,875.023454074127
early_projection,KACE-1-0-G_r2i1p1f1_ssp585,15,26,914.9309070513605
early_projection,KACE-1-0-G_r2i1p1f1_ssp585,20,21,932.6089248509967
early_projection,KACE-1-0-G_r3i1p1f1_ssp245,2,39,672.4605806188847
early_projection,KACE-1-0-G_r3i1p1f1_ssp245,5,36,908.2194410888566
early_projection,KACE-1-0-G_r3i1p1f1_ssp245,10,31,1007.7655594167611
early_projection,KACE-1-0-G_r3i1p1f1_ssp245,15,26,1023.277738596291
early_projection,KACE-1-0-G_r3i1p1f1_ssp245,20,21,1073.0337023824216
early_projection,KACE-1-0-G_r3i1p1f1_ssp370,2,39,562.9804022171784
early_projection,KACE-1-0-G_r3i1p1f1_ssp370,5,36,811.7847398196311
early_projection,KACE-1-0-G_r3i1p1f1_ssp370,10,31,848.8278951812445
early_projection,KACE-1-0-G_r3i1p1f1_ssp370,15,26,912.9544543918295
early_projection,KACE-1-0-G_r3i1p1f1_ssp370,20,21,964.8579700284969
early_projection,KACE-1-0-G_r3i1p1f1_ssp585,2,39,602.0606327579562
early_projection,KACE-1-0-G_r3i1p1f1_ssp585,5,36,852.8676910396031
early_projection,KACE-1-0-G_r3i1p1f1_ssp585,10,31,932.2738480838559
early_projection,KACE-1-0-G_r3i1p1f1_ssp585,15,26,960.3520298340461
early_projection,KACE-1-0-G_r3i1p1f1_ssp585,20,21,1022.3044432194511
early_projection,MIROC6_r1i1p1f1_ssp245,2,39,671.4461160174214
early_projection,MIROC6_r1i1p1f1_ssp245,5,36,914.7672697716371
early_projection,MIROC6_r1i1p1f1_ssp245,10,31,979.2134298665609
early_projection,MIROC6_r1i1p1f1_ssp245,15,26,1026.4515107451527
early_projection,MIROC6_r1i1p1f1_ssp245,20,21,1079.8422383876236
early_projection,MIROC6_r1i1p1f1_ssp370,2,39,628.9366682859145
early_projection,MIROC6_r1i1p1f1_ssp370,5,36,702.9977707298473
early_projection,MIROC6_r1i1p1f1_ssp370,10,31,842.1300538230047
early_projection,MIROC6_r1i1p1f1_ssp370,15,26,911.3217197532324
early_projection,MIROC6_r1i1p1f1_ssp370,20,21,960.298574548989
early_projection,MIROC6_r1i1p1f1_ssp585,2,39,613.941717938038
early_projection,MIROC6_r1i1p1f1_ssp585,5,36,886.3139441563766
early_projection,MIROC6_r1i1p1f1_ssp585,10,31,950.0939593656797
early_projection,MIROC6_r1i1p1f1_ssp585,15,26,960.6164957925706
early_projection,MIROC6_r1i1p1f1_ssp585,20,21,965.2113015916115
early_projection,MIROC6_r2i1p1f1_ssp245,2,39,563.7271893807083
early_projection,MIROC6_r2i1p1f1_ssp245,5,36,695.719124110353
early_projection,MIROC6_r2i1p1f1_ssp245,10,31,861.9092385935753
early_projection,MIROC6_r2i1p1f1_ssp245,15,26,938.5585735111111
early_projection,MIROC6_r2i1p1f1_ssp245,20,21,983.9856939879713
early_projection,MIROC6_r2i1p1f1_ssp370,2,39,620.3145788203474
early_projection,MIROC6_r2i1p1f1_ssp370,5,36,733.5499199864847
early_projection,MIROC6_r2i1p1f1_ssp370,10,31,949.087392626594
early_projection,MIROC6_r2i1p1f1_ssp370,15,26,1017.651093552769
early_projection,MIROC6_r2i1p1f1_ssp370,20,21,1006.9503512702315
early_projection,MIROC6_r2i1p1f1_ssp585,2,39,525.7860804438933
early_projection,MIROC6_r2i1p1f1_ssp585,5,36,775.0869944741687
early_projection,MIROC6_r2i1p1f1_ssp585,10,31,853.2196795184685
early_projection,MIROC6_r2i1p1f1_ssp585,15,26,963.0869852802219
early_projection,MIROC6_r2i1p1f1_ssp585,20,21,1001.9212855501235
early_projection,MIROC6_r3i1p1f1_ssp245,2,39,509.5071974411494
early_projection,MIROC6_r3i1p1f1_ssp245,5,36,762.9300461163376
early_projection,MIROC6_r3i1p1f1_ssp245,10,31,928.7366920557312
early_projection,MIROC6_r3i1p1f1_ssp245,15,26,985.395541745209
early_projection,MIROC6_r3i1p1f1_ssp245,20,21,991.1762209532259
early_projection,MIROC6_r3i1p1f1_ssp370,2,39,457.90663393105933
early_projection,MIROC6_r3i1p1f1_ssp370,5,36,635.4160130895718
early_projection,MIROC6_r3i1p1f1_ssp370,10,31,865.6176521001919
early_projection,MIROC6_r3i1p1f1_ssp370,15,26,926.1152964353504
early_projection,MIROC6_r3i1p1f1_ssp370,20,21,924.4395033341094
early_projection,MIROC6_r3i1p1f1_ssp585,2,39,422.60153560652543
early_projection,MIROC6_r3i1p1f1_ssp585,5,36,839.7132905469065
early_projection,MIROC6_r3i1p1f1_ssp585,10,31,902.7713197792542
early_projection,MIROC6_r3i1p1f1_ssp585,15,26,947.6359539259533
early_projection,MIROC6_r3i1p1f1_ssp585,20,21,952.1843026973654
early_projection,MIROC6_r4i1p1f1_ssp585,2,39,578.3485112015567
early_projection,MIROC6_r4i1p1f1_ssp585,5,36,863.2118055910403
early_projection,MIROC6_r4i1p1f1_ssp585,10,31,921.0721269373302
early_projection,MIROC6_r4i1p1f1_ssp585,15,26,998.0221314273733
early_projection,MIROC6_r4i1p1f1_ssp585,20,21,1001.4128633327479
early_projection,MIROC6_r5i1p1f1_ssp585,2,39,797.9045236663915
early_projection,MIROC6_r5i1p1f1_ssp585,5,36,967.3928476980716
early_projection,MIROC6_r5i1p1f1_ssp585,10,31,1031.7445440740598
early_projection,MIROC6_r5i1p1f1_ssp585,15,26,1074.257916775291
early_projection,MIROC6_r5i1p1f1_ssp585,20,21,1094.5485301951478
early_projection,MPI-ESM1-2-HR_r10i1p1f1_ssp370,2,39,749.3451618474937
early_projection,MPI-ESM1-2-HR_r10i1p1f1_ssp370,5,36,828.0869791987774
early_projection,MPI-ESM1-2-HR_r10i1p1f1_ssp370,10,31,890.6328939974534
early_projection,MPI-ESM1-2-HR_r10i1p1f1_ssp370,15,26,924.1599223435326
early_projection,MPI-ESM1-2-HR_r10i1p1f1_ssp370,20,21,951.6352534462396
early_projection,MPI-ESM1-2-HR_r1i1p1f1_ssp245,2,39,595.0489266078876
early_projection,MPI-ESM1-2-HR_r1i1p1f1_ssp245,5,36,798.9243386939721
early_projection,MPI-ESM1-2-HR_r1i1p1f1_ssp245,10,31,858.5400751254159
early_projection,MPI-ESM1-2-HR_r1i1p1f1_ssp245,15,26,907.3134625769919
early_projection,MPI-ESM1-2-HR_r1i1p1f1_ssp245,20,21,952.5447325327935
early_projection,MPI-ESM1-2-HR_r1i1p1f1_ssp370,2,39,607.5598293005687
early_projection,MPI-ESM1-2-HR_r1i1p1f1_ssp370,5,36,848.4895304166057
early_projection,MPI-ESM1-2-HR_r1i1p1f1_ssp370,10,31,871.0820994676708
early_projection,MPI-ESM1-2-HR_r1i1p1f1_ssp370,15,26,925.5933329106682
early_projection,MPI-ESM1-2-HR_r1i1p1f1_ssp370,20,21,954.64041150841
early_projection,MPI-ESM1-2-HR_r1i1p1f1_ssp585,2,39,706.9771733420966
early_projection,MPI-ESM1-2-HR_r1i1p1f1_ssp585,5,36,874.9797472112739
early_projection,MPI-ESM1-2-HR_r1i1p1f1_ssp585,10,31,973.2008712881892
early_projection,MPI-ESM1-2-HR_r1i1p1f1_ssp585,15,26,1010.1476213221712
early_projection,MPI-ESM1-2-HR_r1i1p1f1_ssp585,20,21,1015.85155478531
early_projection,MPI-ESM1-2-HR_r2i1p1f1_ssp245,2,39,621.6539975018677
early_projection,MPI-ESM1-2-HR_r2i1p1f1_ssp245,5,36,848.6690628498079
early_projection,MPI-ESM1-2-HR_r2i1p1f1_ssp245,10,31,907.7984094421408
early_projection,MPI-ESM1-2-HR_r2i1p1f1_ssp245,15,26,997.5720825537816
early_projection,MPI-ESM1-2-HR_r2i1p1f1_ssp245,20,21,1028.820596130619
early_projection,MPI-ESM1-2-HR_r2i1p1f1_ssp370,2,39,598.6112674592332
early_projection,MPI-ESM1-2-HR_r2i1p1f1_ssp370,5,36,798.3680372157247
early_projection,MPI-ESM1-2-HR_r2i1p1f1_ssp370,10,31,924.0700115498655
early_projection,MPI-ESM1-2-HR_r2i1p1f1_ssp370,15,26,974.2838022199691
early_projection,MPI-ESM1-2-HR_r2i1p1f1_ssp370,20,21,981.0054724745899
early_projection,MPI-ESM1-2-HR_r2i1p1f1_ssp585,2,39,562.6544001668062
early_projection,MPI-ESM1-2-HR_r2i1p1f1_ssp585,5,36,707.0747218371616
early_projection,MPI-ESM1-2-HR_r2i1p1f1_ssp585,10,31,781.1201447418356
early_projection,MPI-ESM1-2-HR_r2i1p1f1_ssp585,15,26,847.1810491974679
early_projection,MPI-ESM1-2-HR_r2i1p1f1_ssp585,20,21,907.4427238483013
early_projection,MPI-ESM1-2-HR_r3i1p1f1_ssp370,2,39,422.7219069576713
early_projection,MPI-ESM1-2-HR_r3i1p1f1_ssp370,5,36,761.2428890604745
early_projection,MPI-ESM1-2-HR_r3i1p1f1_ssp370,10,31,861.2853563280427
early_projection,MPI-ESM1-2-HR_r3i1p1f1_ssp370,15,26,1016.8040272803119
early_projection,MPI-ESM1-2-HR_r3i1p1f1_ssp370,20,21,1022.3429043267054
early_projection,MPI-ESM1-2-HR_r4i1p1f1_ssp370,2,39,482.92037155911567
early_projection,MPI-ESM1-2-HR_r4i1p1f1_ssp370,5,36,772.2769130046457
early_projection,MPI-ESM1-2-HR_r4i1p1f1_ssp370,10,31,842.7947468766109
early_projection,MPI-ESM1-2-HR_r4i1p1f1_ssp370,15,26,856.0750905672336
early_projection,MPI-ESM1-2-HR_r4i1p1f1_ssp370,20,21,923.3732589108847
early_projection,MPI-ESM1-2-HR_r5i1p1f1_ssp370,2,39,659.3179070430924
early_projection,MPI-ESM1-2-HR_r5i1p1f1_ssp370,5,36,763.3204634671754
early_projection,MPI-ESM1-2-HR_r5i1p1f1_ssp370,10,31,843.8217523971649
early_projection,MPI-ESM1-2-HR_r5i1p1f1_ssp370,15,26,887.1635648584418
early_projection,MPI-ESM1-2-HR_r5i1p1f1_ssp370,20,21,933.6633638390758
early_projection,MPI-ESM1-2-HR_r6i1p1f1_ssp370,2,39,639.7920633587626
early_projection,MPI-ESM1-2-HR_r6i1p1f1_ssp370,5,36,781.6843033677155
early_projection,MPI-ESM1-2-HR_r6i1p1f1_ssp370,10,31,863.8970109428485
early_projection,MPI-ESM1-2-HR_r6i1p1f1_ssp370,15,26,939.2346872674576
early_projection,MPI-ESM1-2-HR_r6i1p1f1_ssp370,20,21,961.8504445680799
early_projection,MPI-ESM1-2-HR_r7i1p1f1_ssp370,2,39,621.8517811631536
early_projection,MPI-ESM1-2-HR_r7i1p1f1_ssp370,5,36,760.873990830085
early_projection,MPI-ESM1-2-HR_r7i1p1f1_ssp370,10,31,857.4844832248895
early_projection,MPI-ESM1-2-HR_r7i1p1f1_ssp370,15,26,870.6089629801228
early_projection,MPI-ESM1-2-HR_r7i1p1f1_ssp370,20,21,873.8038512962203
early_projection,MPI-ESM1-2-HR_r8i1p1f1_ssp370,2,39,557.6227949663898
early_projection,MPI-ESM1-2-HR_r8i1p1f1_ssp370,5,36,810.5144533044404
early_projection,MPI-ESM1-2-HR_r8i1p1f1_ssp370,10,31,890.1434392070217
early_projection,MPI-ESM1-2-HR_r8i1p1f1_ssp370,15,26,910.0362564796275
early_projection,MPI-ESM1-2-HR_r8i1p1f1_ssp370,20,21,926.4139127951228
early_projection,MPI-ESM1-2-HR_r9i1p1f1_ssp370,2,39,742.732757994569
early_projection,MPI-ESM1-2-HR_r9i1p1f1_ssp370,5,36,870.320175367422
early_projection,MPI-ESM1-2-HR_r9i1p1f1_ssp370,10,31,1013.3188869764679
early_projection,MPI-ESM1-2-HR_r9i1p1f1_ssp370,15,26,1010.1179745701995
early_projection,MPI-ESM1-2-HR_r9i1p1f1_ssp370,20,21,1059.2297776657092
early_projection,MRI-ESM2-0_r1i1p1f1_ssp245,2,39,666.5857439087595
early_projection,MRI-ESM2-0_r1i1p1f1_ssp245,5,36,886.0770606077476
early_projection,MRI-ESM2-0_r1i1p1f1_ssp245,10,31,953.3507696668988
early_projection,MRI-ESM2-0_r1i1p1f1_ssp245,15,26,987.8079286357697
early_projection,MRI-ESM2-0_r1i1p1f1_ssp245,20,21,1025.7121826157982
early_projection,MRI-ESM2-0_r1i1p1f1_ssp370,2,39,701.7288254464193
early_projection,MRI-ESM2-0_r1i1p1f1_ssp370,5,36,840.9478239917131
early_projection,MRI-ESM2-0_r1i1p1f1_ssp370,10,31,967.7014052329254
early_projection,MRI-ESM2-0_r1i1p1f1_ssp370,15,26,956.7701326180598
early_projection,MRI-ESM2-0_r1i1p1f1_ssp370,20,21,997.7813025203807
early_projection,MRI-ESM2-0_r1i1p1f1_ssp585,2,39,709.6681549855421
early_projection,MRI-ESM2-0_r1i1p1f1_ssp585,5,36,768.7093725185684
early_projection,MRI-ESM2-0_r1i1p1f1_ssp585,10,31,886.4950482775981
early_projection,MRI-ESM2-0_r1i1p1f1_ssp585,15,26,908.1222883783058
early_projection,MRI-ESM2-0_r1i1p1f1_ssp585,20,21,922.5817737477864
early_projection,MRI-ESM2-0_r2i1p1f1_ssp370,2,39,590.6892555996756
early_projection,MRI-ESM2-0_r2i1p1f1_ssp370,5,36,832.5222714783089
early_projection,MRI-ESM2-0_r2i1p1f1_ssp370,10,31,939.2310820515702
early_projection,MRI-ESM2-0_r2i1p1f1_ssp370,15,26,1003.4185619258445
early_projection,MRI-ESM2-0_r2i1p1f1_ssp370,20,21,1021.900524391736
early_projection,MRI-ESM2-0_r3i1p1f1_ssp370,2,39,551.9502287385294
early_projection,MRI-ESM2-0_r3i1p1f1_ssp370,5,36,786.3343473136352
early_projection,MRI-ESM2-0_r3i1p1f1_ssp370,10,31,809.0932400120768
early_projection,MRI-ESM2-0_r3i1p1f1_ssp370,15,26,860.4701487887912
early_projection,MRI-ESM2-0_r3i1p1f1_ssp370,20,21,937.8720682535447
early_projection,MRI-ESM2-0_r4i1p1f1_ssp370,2,39,516.9292755598526
early_projection,MRI-ESM2-0_r4i1p1f1_ssp370,5,36,866.946422441743
early_projection,MRI-ESM2-0_r4i1p1f1_ssp370,10,31,919.0557596866096
early_projection,MRI-ESM2-0_r4i1p1f1_ssp370,15,26,989.557982673837
early_projection,MRI-ESM2-0_r4i1p1f1_ssp370,20,21,995.7373050010341
early_projection,MRI-ESM2-0_r5i1p1f1_ssp370,2,39,577.927355586784
early_projection,MRI-ESM2-0_r5i1p1f1_ssp370,5,36,721.0833730634447
early_projection,MRI-ESM2-0_r5i1p1f1_ssp370,10,31,861.1044617683517
early_projection,MRI-ESM2-0_r5i1p1f1_ssp370,15,26,931.6985761824518
early_projection,MRI-ESM2-0_r5i1p1f1_ssp370,20,21,963.9204744222419
late_projection,ACCESS-CM2_r1i1p1f1_ssp245,2,39,723.7316636275982
late_projection,ACCESS-CM2_r1i1p1f1_ssp245,5,36,939.3477385719532
late_projection,ACCESS-CM2_r1i1p1f1_ssp245,10,31,1102.8892590676264
late_projection,ACCESS-CM2_r1i1p1f1_ssp245,15,26,1056.4547673205138
late_projection,ACCESS-CM2_r1i1p1f1_ssp245,20,21,1113.8177081127665
late_projection,ACCESS-CM2_r1i1p1f1_ssp370,2,39,683.5697021607484
late_projection,ACCESS-CM2_r1i1p1f1_ssp370,5,36,941.0274005561296
late_projection,ACCESS-CM2_r1i1p1f1_ssp370,10,31,1012.796697811829
late_projection,ACCESS-CM2_r1i1p1f1_ssp370,15,26,1040.3222001851286
late_projection,ACCESS-CM2_r1i1p1f1_ssp370,20,21,1087.350530515121
late_projection,ACCESS-CM2_r1i1p1f1_ssp585,2,39,623.0281509680244
late_projection,ACCESS-CM2_r1i1p1f1_ssp585,5,36,882.2620937169893
late_projection,ACCESS-CM2_r1i1p1f1_ssp585,10,31,962.788745470154
late_projection,ACCESS-CM2_r1i1p1f1_ssp585,15,26,1011.8219324513806
late_projection,ACCESS-CM2_r1i1p1f1_ssp585,20,21,1065.9940726000054
late_projection,ACCESS-CM2_r2i1p1f1_ssp245,2,39,745.1958769839548
late_projection,ACCESS-CM2_r2i1p1f1_ssp245,5,36,945.2320878576953
late_projection,ACCESS-CM2_r2i1p1f1_ssp245,10,31,992.2717639003233
late_projection,ACCESS-CM2_r2i1p1f1_ssp245,15,26,1059.3782544221315
late_projection,ACCESS-CM2_r2i1p1f1_ssp245,20,21,1070.7065225751703
late_projection,ACCESS-CM2_r2i1p1f1_ssp370,2,39,820.3714181228497
late_projection,ACCESS-CM2_r2i1p1f1_ssp370,5,36,878.5265798478365
late_projection,ACCESS-CM2_r2i1p1f1_ssp370,10,31,961.4934802030897
late_projection,ACCESS-CM2_r2i1p1f1_ssp370,15,26,997.3032293321172
late_projection,ACCESS-CM2_r2i1p1f1_ssp370,20,21,1024.3334299335909
late_projection,ACCESS-CM2_r2i1p1f1_ssp585,2,39,745.0047656046918
late_projection,ACCESS-CM2_r2i1p1f1_ssp585,5,36,860.7607666607153
late_projection,ACCESS-CM2_r2i1p1f1_ssp585,10,31,959.4377646293111
late_projection,ACCESS-CM2_r2i1p1f1_ssp585,15,26,1010.244499416666
late_projection,ACCESS-CM2_r2i1p1f1_ssp585,20,21,1053.6565308042825
late_projection,ACCESS-CM2_r3i1p1f1_ssp245,2,39,610.2804598756834
late_projection,ACCESS-CM2_r3i1p1f1_ssp245,5,36,836.714992578591
late_projection,ACCESS-CM2_r3i1p1f1_ssp245,10,31,975.7336254032467
late_projection,ACCESS-CM2_r3i1p1f1_ssp245,15,26,1043.480844561292
late_projection,ACCESS-CM2_r3i1p1f1_ssp245,20,21,1114.9026601664743
late_projection,ACCESS-CM2_r3i1p1f1_ssp370,2,39,605.7335100001146
late_projection,ACCESS-CM2_r3i1p1f1_ssp370,5,36,905.7373435694557
late_projection,ACCESS-CM2_r3i1p1f1_ssp370,10,31,1000.2456032945618
late_projection,ACCESS-CM2_r3i1p1f1_ssp370,15,26,1062.538816488121
late_projection,ACCESS-CM2_r3i1p1f1_ssp370,20,21,1083.3828137948333
late_projection,ACCESS-CM2_r3i1p1f1_ssp585,2,39,703.9112869659893
late_projection,ACCESS-CM2_r3i1p1f1_ssp585,5,36,836.939686879277
late_projection,ACCESS-CM2_r3i1p1f1_ssp585,10,31,969.842362638238
late_projection,ACCESS-CM2_r3i1p1f1_ssp585,15,26,1009.4765585106832
late_projection,ACCESS-CM2_r3i1p1f1_ssp585,20,21,1045.3613752626159
late_projection,CESM2-LENS_r10i1p1f1_ssp370,2,39,825.7519180642612
late_projection,CESM2-LENS_r10i1p1f1_ssp370,5,36,1035.1734865138235
late_projection,CESM2-LENS_r10i1p1f1_ssp370,10,31,1103.4112572166257
late_projection,CESM2-LENS_r10i1p1f1_ssp370,15,26,1157.3513081090427
late_projection,CESM2-LENS_r10i1p1f1_ssp370,20,21,1168.1619534577724
late_projection,CESM2-LENS_r1i1p1f1_ssp370,2,39,785.3027937271072
late_projection,CESM2-LENS_r1i1p1f1_ssp370,5,36,931.7704959136136
late_projection,CESM2-LENS_r1i1p1f1_ssp370,10,31,987.0583193196741
late_projection,CESM2-LENS_r1i1p1f1_ssp370,15,26,1093.771691906328
late_projection,CESM2-LENS_r1i1p1f1_ssp370,20,21,1098.8644256843297
late_projection,CESM2-LENS_r4i1p1f1_ssp370,2,39,634.6838204317773
late_projection,CESM2-LENS_r4i1p1f1_ssp370,5,36,860.6547637267242
late_projection,CESM2-LENS_r4i1p1f1_ssp370,10,31,986.2107394211104
late_projection,CESM2-LENS_r4i1p1f1_ssp370,15,26,1054.4696031279625
late_projection,CESM2-LENS_r4i1p1f1_ssp370,20,21,1070.8996341058369
late_projection,CESM2-LENS_r5i1p1f1_ssp370,2,39,720.3413149681223
late_projection,CESM2-LENS_r5i1p1f1_ssp370,5,36,844.1977918092025
late_projection,CESM2-LENS_r5i1p1f1_ssp370,10,31,922.5970267722653
late_projection,CESM2-LENS_r5i1p1f1_ssp370,15,26,986.1157669219763
late_projection,CESM2-LENS_r5i1p1f1_ssp370,20,21,1016.5699300373155
late_projection,CESM2-LENS_r6i1p1f1_ssp370,2,39,648.58618199583
late_projection,CESM2-LENS_r6i1p1f1_ssp370,5,36,745.8190066588759
late_projection,CESM2-LENS_r6i1p1f1_ssp370,10,31,831.9591266343435
late_projection,CESM2-LENS_r6i1p1f1_ssp370,15,26,900.3049130426335
late_projection,CESM2-LENS_r6i1p1f1_ssp370,20,21,939.4278411122829
late_projection,CESM2-LENS_r7i1p1f1_ssp370,2,39,620.9788552304635
late_projection,CESM2-LENS_r7i1p1f1_ssp370,5,36,822.5176923328647
late_projection,CESM2-LENS_r7i1p1f1_ssp370,10,31,954.877515129547
late_projection,CESM2-LENS_r7i1p1f1_ssp370,15,26,993.4507767764029
late_projection,CESM2-LENS_r7i1p1f1_ssp370,20,21,1020.2178848262283
late_projection,CESM2-LENS_r8i1p1f1_ssp370,2,39,728.1014817049982
late_projection,CESM2-LENS_r8i1p1f1_ssp370,5,36,889.1312250516305
late_projection,CESM2-LENS_r8i1p1f1_ssp370,10,31,948.4832347356056
late_projection,CESM2-LENS_r8i1p1f1_ssp370,15,26,1003.8388718430564
late_projection,CESM2-LENS_r8i1p1f1_ssp370,20,21,1053.7114584019262
late_projection,CESM2-LENS_r9i1p1f1_ssp370,2,39,659.1627077571211
late_projection,CESM2-LENS_r9i1p1f1_ssp370,5,36,843.671712744236
late_projection,CESM2-LENS_r9i1p1f1_ssp370,10,31,894.6027402328324
late_projection,CESM2-LENS_r9i1p1f1_ssp370,15,26,934.2154063443832
late_projection,CESM2-LENS_r9i1p1f1_ssp370,20,21,975.3439259771394
late_projection,CNRM-ESM2-1_r1i1p1f2_ssp245,2,39,521.6357804755462
late_projection,CNRM-ESM2-1_r1i1p1f2_ssp245,5,36,938.3614400118364
late_projection,CNRM-ESM2-1_r1i1p1f2_ssp245,10,31,1038.4351235940205
late_projection,CNRM-ESM2-1_r1i1p1f2_ssp245,15,26,1088.8533513342925
late_projection,CNRM-ESM2-1_r1i1p1f2_ssp245,20,21,1103.9730859754072
late_projection,CNRM-ESM2-1_r1i1p1f2_ssp370,2,39,524.8743791745283
late_projection,CNRM-ESM2-1_r1i1p1f2_ssp370,5,36,644.4286107565367
late_projection,CNRM-ESM2-1_r1i1p1f2_ssp370,10,31,907.0741770317763
late_projection,CNRM-ESM2-1_r1i1p1f2_ssp370,15,26,940.7302923870762
late_projection,CNRM-ESM2-1_r1i1p1f2_ssp370,20,21,1051.7779567678103
late_projection,CNRM-ESM2-1_r1i1p1f2_ssp585,2,39,687.0137916801141
late_projection,CNRM-ESM2-1_r1i1p1f2_ssp585,5,36,752.4813976141177
late_projection,CNRM-ESM2-1_r1i1p1f2_ssp585,10,31,806.2263563442013
late_projection,CNRM-ESM2-1_r1i1p1f2_ssp585,15,26,816.5884616009214
late_projection,CNRM-ESM2-1_r1i1p1f2_ssp585,20,21,863.4049290088242
late_projection,EC-Earth3-Veg_r1i1p1f1_ssp245,2,39,638.5615096280417
late_projection,EC-Earth3-Veg_r1i1p1f1_ssp245,5,36,765.698287859436
late_projection,EC-Earth3-Veg_r1i1p1f1_ssp245,10,31,929.3982206027015
late_projection,EC-Earth3-Veg_r1i1p1f1_ssp245,15,26,1048.185809567973
late_projection,EC-Earth3-Veg_r1i1p1f1_ssp245,20,21,1045.559995233822
late_projection,EC-Earth3-Veg_r1i1p1f1_ssp370,2,39,605.9161147951054
late_projection,EC-Earth3-Veg_r1i1p1f1_ssp370,5,36,794.644592865993
late_projection,EC-Earth3-Veg_r1i1p1f1_ssp370,10,31,915.8151352123281
late_projection,EC-Earth3-Veg_r1i1p1f1_ssp370,15,26,975.4889391825061
late_projection,EC-Earth3-Veg_r1i1p1f1_ssp370,20,21,963.8355355392177
late_projection,EC-Earth3-Veg_r1i1p1f1_ssp585,2,39,596.358784285926
late_projection,EC-Earth3-Veg_r1i1p1f1_ssp585,5,36,886.0892147422961
late_projection,EC-Earth3-Veg_r1i1p1f1_ssp585,10,31,928.5204031690415
late_projection,EC-Earth3-Veg_r1i1p1f1_ssp585,15,26,988.2542612430417
late_projection,EC-Earth3-Veg_r1i1p1f1_ssp585,20,21,1004.2369984122354
late_projection,EC-Earth3-Veg_r2i1p1f1_ssp245,2,39,630.7466265199964
late_projection,EC-Earth3-Veg_r2i1p1f1_ssp245,5,36,856.1400940477594
late_projection,EC-Earth3-Veg_r2i1p1f1_ssp245,10,31,944.6287850062829
late_projection,EC-Earth3-Veg_r2i1p1f1_ssp245,15,26,1067.4801347464982
late_projection,EC-Earth3-Veg_r2i1p1f1_ssp245,20,21,1080.398563396359
late_projection,EC-Earth3-Veg_r2i1p1f1_ssp370,2,39,666.4529240799257
late_projection,EC-Earth3-Veg_r2i1p1f1_ssp370,5,36,816.075876772371
late_projection,EC-Earth3-Veg_r2i1p1f1_ssp370,10,31,924.1193303909546
late_projection,EC-Earth3-Veg_r2i1p1f1_ssp370,15,26,925.9771601112458
late_projection,EC-Earth3-Veg_r2i1p1f1_ssp370,20,21,1008.4517601542615
late_projection,EC-Earth3-Veg_r2i1p1f1_ssp585,2,39,551.0515719822033
late_projection,EC-Earth3-Veg_r2i1p1f1_ssp585,5,36,865.8531729623952
late_projection,EC-Earth3-Veg_r2i1p1f1_ssp585,10,31,929.9834468046371
late_projection,EC-Earth3-Veg_r2i1p1f1_ssp585,15,26,982.5792755751696
late_projection,EC-Earth3-Veg_r2i1p1f1_ssp585,20,21,997.930112442125
late_projection,EC-Earth3-Veg_r3i1p1f1_ssp245,2,39,651.9193461259147
late_projection,EC-Earth3-Veg_r3i1p1f1_ssp245,5,36,851.3862349561575
late_projection,EC-Earth3-Veg_r3i1p1f1_ssp245,10,31,870.8049172185158
late_projection,EC-Earth3-Veg_r3i1p1f1_ssp245,15,26,941.7369556682904
late_projection,EC-Earth3-Veg_r3i1p1f1_ssp245,20,21,1021.7376357254286
late_projection,EC-Earth3-Veg_r3i1p1f1_ssp370,2,39,604.6152911854624
late_projection,EC-Earth3-Veg_r3i1p1f1_ssp370,5,36,781.2087018789316
late_projection,EC-Earth3-Veg_r3i1p1f1_ssp370,10,31,978.344917230312
late_projection,EC-Earth3-Veg_r3i1p1f1_ssp370,15,26,1064.3071097033271
late_projection,EC-Earth3-Veg_r3i1p1f1_ssp370,20,21,1086.4469092499967
late_projection,EC-Earth3-Veg_r3i1p1f1_ssp585,2,39,635.7250642434628
late_projection,EC-Earth3-Veg_r3i1p1f1_ssp585,5,36,711.6437909930028
late_projection,EC-Earth3-Veg_r3i1p1f1_ssp585,10,31,901.2402223042925
late_projection,EC-Earth3-Veg_r3i1p1f1_ssp585,15,26,980.182720937389
late_projection,EC-Earth3-Veg_r3i1p1f1_ssp585,20,21,988.2244398908655
late_projection,EC-Earth3-Veg_r4i1p1f1_ssp245,2,39,694.4884949039551
late_projection,EC-Earth3-Veg_r4i1p1f1_ssp245,5,36,862.6865541163759
late_projection,EC-Earth3-Veg_r4i1p1f1_ssp245,10,31,931.1043909589941
late_projection,EC-Earth3-Veg_r4i1p1f1_ssp245,15,26,964.3913805977747
late_projection,EC-Earth3-Veg_r4i1p1f1_ssp245,20,21,981.4105649669466
late_projection,EC-Earth3-Veg_r4i1p1f1_ssp370,2,39,714.3437630539047
late_projection,EC-Earth3-Veg_r4i1p1f1_ssp370,5,36,904.2232043057726
late_projection,EC-Earth3-Veg_r4i1p1f1_ssp370,10,31,1044.8318304565678
late_projection,EC-Earth3-Veg_r4i1p1f1_ssp370,15,26,1034.4504205101382
late_projection,EC-Earth3-Veg_r4i1p1f1_ssp370,20,21,1066.8620277718526
late_projection,EC-Earth3-Veg_r4i1p1f1_ssp585,2,39,608.504273608798
late_projection,EC-Earth3-Veg_r4i1p1f1_ssp585,5,36,710.5510177992379
late_projection,EC-Earth3-Veg_r4i1p1f1_ssp585,10,31,813.8658160035175
late_projection,EC-Earth3-Veg_r4i1p1f1_ssp585,15,26,920.6681289990682
late_projection,EC-Earth3-Veg_r4i1p1f1_ssp585,20,21,966.3917557083678
late_projection,EC-Earth3-Veg_r5i1p1f1_ssp245,2,39,609.7884760336647
late_projection,EC-Earth3-Veg_r5i1p1f1_ssp245,5,36,757.1347555089451
late_projection,EC-Earth3-Veg_r5i1p1f1_ssp245,10,31,958.7616911322199
late_projection,EC-Earth3-Veg_r5i1p1f1_ssp245,15,26,1007.0188431262342
late_projection,EC-Earth3-Veg_r5i1p1f1_ssp245,20,21,1039.3810771326073
late_projection,EC-Earth3_r1i1p1f1_ssp245,2,39,755.6565038281333
late_projection,EC-Earth3_r1i1p1f1_ssp245,5,36,927.1428706491672
late_projection,EC-Earth3_r1i1p1f1_ssp245,10,31,965.5047737691397
late_projection,EC-Earth3_r1i1p1f1_ssp245,15,26,1054.7260104498857
late_projection,EC-Earth3_r1i1p1f1_ssp245,20,21,1049.3703101831316
late_projection,EC-Earth3_r1i1p1f1_ssp370,2,39,475.4800786623473
late_projection,EC-Earth3_r1i1p1f1_ssp370,5,36,824.4681918119174
late_projection,EC-Earth3_r1i1p1f1_ssp370,10,31,928.8865198921292
late_projection,EC-Earth3_r1i1p1f1_ssp370,15,26,952.2987806118628
late_projection,EC-Earth3_r1i1p1f1_ssp370,20,21,1002.2382180640974
late_projection,EC-Earth3_r1i1p1f1_ssp585,2,39,451.8860962636609
late_projection,EC-Earth3_r1i1p1f1_ssp585,5,36,748.4357818664648
late_projection,EC-Earth3_r1i1p1f1_ssp585,10,31,878.7153021789156
late_projection,EC-Earth3_r1i1p1f1_ssp585,15,26,934.7964655097875
late_projection,EC-Earth3_r1i1p1f1_ssp585,20,21,936.0792344343224
late_projection,EC-Earth3_r2i1p1f1_ssp245,2,39,624.638547171302
late_projection,EC-Earth3_r2i1p1f1_ssp245,5,36,972.5383119877064
late_projection,EC-Earth3_r2i1p1f1_ssp245,10,31,1023.4282957336196
late_projection,EC-Earth3_r2i1p1f1_ssp245,15,26,1082.5815584247619
late_projection,EC-Earth3_r2i1p1f1_ssp245,20,21,1090.653300716746
late_projection,EC-Earth3_r3i1p1f1_ssp585,2,39,618.4127295258513
late_projection,EC-Earth3_r3i1p1f1_ssp585,5,36,769.4879309662399
late_projection,EC-Earth3_r3i1p1f1_ssp585,10,31,890.5956443795669
late_projection,EC-Earth3_r3i1p1f1_ssp585,15,26,966.9286083492647
late_projection,EC-Earth3_r3i1p1f1_ssp585,20,21,976.0114252607842
late_projection,EC-Earth3_r4i1p1f1_ssp245,2,39,727.1451999197579
late_projection,EC-Earth3_r4i1p1f1_ssp245,5,36,910.6665440684316
late_projection,EC-Earth3_r4i1p1f1_ssp245,10,31,999.3098685807242
late_projection,EC-Earth3_r4i1p1f1_ssp245,15,26,1021.401224442097
late_projection,EC-Earth3_r4i1p1f1_ssp245,20,21,1042.9305328576615
late_projection,EC-Earth3_r4i1p1f1_ssp370,2,39,552.7507095148849
late_projection,EC-Earth3_r4i1p1f1_ssp370,5,36,815.517518169286
late_projection,EC-Earth3_r4i1p1f1_ssp370,10,31,870.0417443324344
late_projection,EC-Earth3_r4i1p1f1_ssp370,15,26,938.5369992766135
late_projection,EC-Earth3_r4i1p1f1_ssp370,20,21,924.3728923093644
late_projection,EC-Earth3_r4i1p1f1_ssp585,2,39,506.8036209740185
late_projection,EC-Earth3_r4i1p1f1_ssp585,5,36,737.1392679607015
late_projection,EC-Earth3_r4i1p1f1_ssp585,10,31,850.5263708639046
late_projection,EC-Earth3_r4i1p1f1_ssp585,15,26,892.8763183455192
late_projection,EC-Earth3_r4i1p1f1_ssp585,20,21,936.2500576009479
late_projection,FGOALS-g3_r1i1p1f1_ssp245,2,39,492.7641980126027
late_projection,FGOALS-g3_r1i1p1f1_ssp245,5,36,862.5758134578682
late_projection,FGOALS-g3_r1i1p1f1_ssp245,10,31,971.4349474538169
late_projection,FGOALS-g3_r1i1p1f1_ssp245,15,26,1017.0377784389864
late_projection,FGOALS-g3_r1i1p1f1_ssp245,20,21,1057.8701793021078
late_projection,FGOALS-g3_r1i1p1f1_ssp370,2,39,762.6531039628635
late_projection,FGOALS-g3_r1i1p1f1_ssp370,5,36,872.6786662156621
late_projection,FGOALS-g3_r1i1p1f1_ssp370,10,31,1002.1658940897003
late_projection,FGOALS-g3_r1i1p1f1_ssp370,15,26,1041.0330088228102
late_projection,FGOALS-g3_r1i1p1f1_ssp370,20,21,1094.1219930387317
late_projection,FGOALS-g3_r1i1p1f1_ssp585,2,39,772.3903674444073
late_projection,FGOALS-g3_r1i1p1f1_ssp585,5,36,935.0136846364603
late_projection,FGOALS-g3_r1i1p1f1_ssp585,10,31,1053.143131724431
late_projection,FGOALS-g3_r1i1p1f1_ssp585,15,26,1103.9768234120206
late_projection,FGOALS-g3_r1i1p1f1_ssp585,20,21,1139.2795566439613
late_projection,FGOALS-g3_r3i1p1f1_ssp245,2,39,570.9028957774881
late_projection,FGOALS-g3_r3i1p1f1_ssp245,5,36,850.9520584238264
late_projection,FGOALS-g3_r3i1p1f1_ssp245,10,31,923.7275960244181
late_projection,FGOALS-g3_r3i1p1f1_ssp245,15,26,922.5977053472056
late_projection,FGOALS-g3_r3i1p1f1_ssp245,20,21,940.3859401594294
late_projection,FGOALS-g3_r3i1p1f1_ssp370,2,39,786.4524267204124
late_projection,FGOALS-g3_r3i1p1f1_ssp370,5,36,921.0906386751813
late_projection,FGOALS-g3_r3i1p1f1_ssp370,10,31,957.5031094594027
late_projection,FGOALS-g3_r3i1p1f1_ssp370,15,26,1003.5928980700545
late_projection,FGOALS-g3_r3i1p1f1_ssp370,20,21,1048.496880844835
late_projection,FGOALS-g3_r3i1p1f1_ssp585,2,39,775.4542350301008
late_projection,FGOALS-g3_r3i1p1f1_ssp585,5,36,772.7641201079841
late_projection,FGOALS-g3_r3i1p1f1_ssp585,10,31,947.2567568325387
late_projection,FGOALS-g3_r3i1p1f1_ssp585,15,26,1043.6935322713514
late_projection,FGOALS-g3_r3i1p1f1_ssp585,20,21,1049.729004618412
late_projection,FGOALS-g3_r4i1p1f1_ssp245,2,39,693.667119440519
late_projection,FGOALS-g3_r4i1p1f1_ssp245,5,36,878.6691186967771
late_projection,FGOALS-g3_r4i1p1f1_ssp245,10,31,988.2838869423788
late_projection,FGOALS-g3_r4i1p1f1_ssp245,15,26,1048.2369314738448
late_projection,FGOALS-g3_r4i1p1f1_ssp245,20,21,1121.117138227818
late_projection,FGOALS-g3_r4i1p1f1_ssp370,2,39,780.7391690804816
late_projection,FGOALS-g3_r4i1p1f1_ssp370,5,36,915.4881100378636
late_projection,FGOALS-g3_r4i1p1f1_ssp370,10,31,950.4806928950959
late_projection,FGOALS-g3_r4i1p1f1_ssp370,15,26,998.5433145831109
late_projection,FGOALS-g3_r4i1p1f1_ssp370,20,21,1046.88529401186
late_projection,FGOALS-g3_r4i1p1f1_ssp585,2,39,548.0960109864936
late_projection,FGOALS-g3_r4i1p1f1_ssp585,5,36,860.1151591738083
late_projection,FGOALS-g3_r4i1p1f1_ssp585,10,31,950.531214096387
late_projection,FGOALS-g3_r4i1p1f1_ssp585,15,26,1100.3754184890665
late_projection,FGOALS-g3_r4i1p1f1_ssp585,20,21,1123.5260045168739
late_projection,FGOALS-g3_r5i1p1f1_ssp370,2,39,780.8776877292694
late_projection,FGOALS-g3_r5i1p1f1_ssp370,5,36,961.7159109500914
late_projection,FGOALS-g3_r5i1p1f1_ssp370,10,31,1024.601541382202
late_projection,FGOALS-g3_r5i1p1f1_ssp370,15,26,1046.7153494126967
late_projection,FGOALS-g3_r5i1p1f1_ssp370,20,21,1072.32485524522
late_projection,GFDL-ESM4_r1i1p1f1_ssp245,2,39,737.9205470601646
late_projection,GFDL-ESM4_r1i1p1f1_ssp245,5,36,920.6812043639165
late_projection,GFDL-ESM4_r1i1p1f1_ssp245,10,31,1038.2328994691627
late_projection,GFDL-ESM4_r1i1p1f1_ssp245,15,26,1072.2151959436865
late_projection,GFDL-ESM4_r1i1p1f1_ssp245,20,21,1086.6084844753143
late_projection,GFDL-ESM4_r1i1p1f1_ssp370,2,39,603.4113295982297
late_projection,GFDL-ESM4_r1i1p1f1_ssp370,5,36,790.6072294677364
late_projection,GFDL-ESM4_r1i1p1f1_ssp370,10,31,849.0550523572307
late_projection,GFDL-ESM4_r1i1p1f1_ssp370,15,26,1039.7259078289915
late_projection,GFDL-ESM4_r1i1p1f1_ssp370,20,21,1044.0127268947444
late_projection,GFDL-ESM4_r1i1p1f1_ssp585,2,39,845.109772199123
late_projection,GFDL-ESM4_r1i1p1f1_ssp585,5,36,1006.3729886396832
late_projection,GFDL-ESM4_r1i1p1f1_ssp585,10,31,1052.150582508799
late_projection,GFDL-ESM4_r1i1p1f1_ssp585,15,26,1088.14384537027
late_projection,GFDL-ESM4_r1i1p1f1_ssp585,20,21,1092.6304271312881
late_projection,HadGEM3-GC31-LL_r1i1p1f3_ssp245,2,39,692.8789974612828
late_projection,HadGEM3-GC31-LL_r1i1p1f3_ssp245,5,36,779.8724258997842
late_projection,HadGEM3-GC31-LL_r1i1p1f3_ssp245,10,31,853.5419005090291
late_projection,HadGEM3-GC31-LL_r1i1p1f3_ssp245,15,26,974.3969364723372
late_projection,HadGEM3-GC31-LL_r1i1p1f3_ssp245,20,21,1040.1192734573083
late_projection,HadGEM3-GC31-LL_r1i1p1f3_ssp585,2,39,832.3404084428912
late_projection,HadGEM3-GC31-LL_r1i1p1f3_ssp585,5,36,930.0733821756983
late_projection,HadGEM3-GC31-LL_r1i1p1f3_ssp585,10,31,1045.271694632463
late_projection,HadGEM3-GC31-LL_r1i1p1f3_ssp585,15,26,1072.6843079399093
late_projection,HadGEM3-GC31-LL_r1i1p1f3_ssp585,20,21,1138.3952397824517
late_projection,HadGEM3-GC31-LL_r2i1p1f3_ssp585,2,39,831.2740204488473
late_projection,HadGEM3-GC31-LL_r2i1p1f3_ssp585,5,36,1057.1707145963098
late_projection,HadGEM3-GC31-LL_r2i1p1f3_ssp585,10,31,1145.03071522723
late_projection,HadGEM3-GC31-LL_r2i1p1f3_ssp585,15,26,1159.8827467612412
late_projection,HadGEM3-GC31-LL_r2i1p1f3_ssp585,20,21,1203.7001308053636
late_projection,HadGEM3-GC31-LL_r3i1p1f3_ssp585,2,39,792.8158144331155
late_projection,HadGEM3-GC31-LL_r3i1p1f3_ssp585,5,36,901.7422934501841
late_projection,HadGEM3-GC31-LL_r3i1p1f3_ssp585,10,31,1096.7090289387152
late_projection,HadGEM3-GC31-LL_r3i1p1f3_ssp585,15,26,1151.6100767980447
late_projection,HadGEM3-GC31-LL_r3i1p1f3_ssp585,20,21,1234.306120679953
late_projection,INM-CM5-0_r1i1p1f1_ssp245,2,39,671.5703738289035
late_projection,INM-CM5-0_r1i1p1f1_ssp245,5,36,873.6534900445192
late_projection,INM-CM5-0_r1i1p1f1_ssp245,10,31,895.6420961425068
late_projection,INM-CM5-0_r1i1p1f1_ssp245,15,26,982.8510251971617
late_projection,INM-CM5-0_r1i1p1f1_ssp245,20,21,1053.8283454960688
late_projection,INM-CM5-0_r1i1p1f1_ssp370,2,39,591.7137391856832
late_projection,INM-CM5-0_r1i1p1f1_ssp370,5,36,717.1110328872477
late_projection,INM-CM5-0_r1i1p1f1_ssp370,10,31,833.304757764114
late_projection,INM-CM5-0_r1i1p1f1_ssp370,15,26,842.4814602696625
late_projection,INM-CM5-0_r1i1p1f1_ssp370,20,21,919.9531217958358
late_projection,INM-CM5-0_r1i1p1f1_ssp585,2,39,469.2251087666533
late_projection,INM-CM5-0_r1i1p1f1_ssp585,5,36,814.8995338666252
late_projection,INM-CM5-0_r1i1p1f1_ssp585,10,31,963.6497224908693
late_projection,INM-CM5-0_r1i1p1f1_ssp585,15,26,1029.152421950352
late_projection,INM-CM5-0_r1i1p1f1_ssp585,20,21,1070.3540026043215
late_projection,INM-CM5-0_r2i1p1f1_ssp370,2,39,567.5064415347779
late_projection,INM-CM5-0_r2i1p1f1_ssp370,5,36,775.6968945170341
late_projection,INM-CM5-0_r2i1p1f1_ssp370,10,31,903.8689876260881
late_projection,INM-CM5-0_r2i1p1f1_ssp370,15,26,967.9152144945406
late_projection,INM-CM5-0_r2i1p1f1_ssp370,20,21,1040.1500639390406
late_projection,INM-CM5-0_r3i1p1f1_ssp370,2,39,785.6066886224176
late_projection,INM-CM5-0_r3i1p1f1_ssp370,5,36,875.2943746742465
late_projection,INM-CM5-0_r3i1p1f1_ssp370,10,31,931.682708176364
late_projection,INM-CM5-0_r3i1p1f1_ssp370,15,26,956.7495014864966
late_projection,INM-CM5-0_r3i1p1f1_ssp370,20,21,1002.3869828903546
late_projection,INM-CM5-0_r4i1p1f1_ssp370,2,39,591.597033993573
late_projection,INM-CM5-0_r4i1p1f1_ssp370,5,36,795.8307691469723
late_projection,INM-CM5-0_r4i1p1f1_ssp370,10,31,854.7330798091004
late_projection,INM-CM5-0_r4i1p1f1_ssp370,15,26,898.709306703519
late_projection,INM-CM5-0_r4i1p1f1_ssp370,20,21,955.9231729038668
late_projection,INM-CM5-0_r5i1p1f1_ssp370,2,39,568.4116012576044
late_projection,INM-CM5-0_r5i1p1f1_ssp370,5,36,892.7235671617942
late_projection,INM-CM5-0_r5i1p1f1_ssp370,10,31,1033.4358002193856
late_projection,INM-CM5-0_r5i1p1f1_ssp370,15,26,1073.9559440080839
late_projection,INM-CM5-0_r5i1p1f1_ssp370,20,21,1076.2315556980927
late_projection,IPSL-CM6A-LR_r10i1p1f1_ssp370,2,39,845.9666881187077
late_projection,IPSL-CM6A-LR_r10i1p1f1_ssp370,5,36,916.7962701493641
late_projection,IPSL-CM6A-LR_r10i1p1f1_ssp370,10,31,979.695698942877
late_projection,IPSL-CM6A-LR_r10i1p1f1_ssp370,15,26,1024.527461831652
late_projection,IPSL-CM6A-LR_r10i1p1f1_ssp370,20,21,1058.1215883899288
late_projection,IPSL-CM6A-LR_r1i1p1f1_ssp245,2,39,673.2433978768831
late_projection,IPSL-CM6A-LR_r1i1p1f1_ssp245,5,36,973.9702131314709
late_projection,IPSL-CM6A-LR_r1i1p1f1_ssp245,10,31,1024.579422801924
late_projection,IPSL-CM6A-LR_r1i1p1f1_ssp245,15,26,1061.5696701086586
late_projection,IPSL-CM6A-LR_r1i1p1f1_ssp245,20,21,1095.6410177970706
late_projection,IPSL-CM6A-LR_r1i1p1f1_ssp370,2,39,630.8881912211145
late_projection,IPSL-CM6A-LR_r1i1p1f1_ssp370,5,36,919.7155942656012
late_projection,IPSL-CM6A-LR_r1i1p1f1_ssp370,10,31,969.6933912916317
late_projection,IPSL-CM6A-LR_r1i1p1f1_ssp370,15,26,1023.5880852490901
late_projection,IPSL-CM6A-LR_r1i1p1f1_ssp370,20,21,1065.8991116388277
late_projection,IPSL-CM6A-LR_r1i1p1f1_ssp585,2,39,510.573967051052
late_projection,IPSL-CM6A-LR_r1i1p1f1_ssp585,5,36,779.6303561324305
late_projection,IPSL-CM6A-LR_r1i1p1f1_ssp585,10,31,907.6921003429219
late_projection,IPSL-CM6A-LR_r1i1p1f1_ssp585,15,26,918.4577421227392
late_projection,IPSL-CM6A-LR_r1i1p1f1_ssp585,20,21,933.0374223541139
late_projection,IPSL-CM6A-LR_r2i1p1f1_ssp245,2,39,507.59638217459724
late_projection,IPSL-CM6A-LR_r2i1p1f1_ssp245,5,36,762.01421220554
late_projection,IPSL-CM6A-LR_r2i1p1f1_ssp245,10,31,858.8953244901195
late_projection,IPSL-CM6A-LR_r2i1p1f1_ssp245,15,26,937.0252312011131
late_projection,IPSL-CM6A-LR_r2i1p1f1_ssp245,20,21,984.2301110135217
late_projection,IPSL-CM6A-LR_r2i1p1f1_ssp370,2,39,642.0736174703361
late_projection,IPSL-CM6A-LR_r2i1p1f1_ssp370,5,36,947.6874800526086
late_projection,IPSL-CM6A-LR_r2i1p1f1_ssp370,10,31,1008.9763175820775
late_projection,IPSL-CM6A-LR_r2i1p1f1_ssp370,15,26,1036.3324732839135
late_projection,IPSL-CM6A-LR_r2i1p1f1_ssp370,20,21,1052.6644401308058
late_projection,IPSL-CM6A-LR_r2i1p1f1_ssp585,2,39,704.7267745664067
late_projection,IPSL-CM6A-LR_r2i1p1f1_ssp585,5,36,849.1845431976078
late_projection,IPSL-CM6A-LR_r2i1p1f1_ssp585,10,31,969.9708097663613
late_projection,IPSL-CM6A-LR_r2i1p1f1_ssp585,15,26,956.8956474510395
late_projection,IPSL-CM6A-LR_r2i1p1f1_ssp585,20,21,1016.0671237852112
late_projection,IPSL-CM6A-LR_r3i1p1f1_ssp245,2,39,517.580527011698
late_projection,IPSL-CM6A-LR_r3i1p1f1_ssp245,5,36,758.6693857761056
late_projection,IPSL-CM6A-LR_r3i1p1f1_ssp245,10,31,847.6207599340793
late_projection,IPSL-CM6A-LR_r3i1p1f1_ssp245,15,26,924.7885471784342
late_projection,IPSL-CM6A-LR_r3i1p1f1_ssp245,20,21,942.1955391816897
late_projection,IPSL-CM6A-LR_r3i1p1f1_ssp370,2,39,601.9484134459071
late_projection,IPSL-CM6A-LR_r3i1p1f1_ssp370,5,36,888.737517554983
late_projection,IPSL-CM6A-LR_r3i1p1f1_ssp370,10,31,991.6830231600146
late_projection,IPSL-CM6A-LR_r3i1p1f1_ssp370,15,26,1049.5038817217608
late_projection,IPSL-CM6A-LR_r3i1p1f1_ssp370,20,21,1059.5463453838308
late_projection,IPSL-CM6A-LR_r3i1p1f1_ssp585,2,39,768.0523009078679
late_projection,IPSL-CM6A-LR_r3i1p1f1_ssp585,5,36,947.4688157149707
late_projection,IPSL-CM6A-LR_r3i1p1f1_ssp585,10,31,1016.4181644505672
late_projection,IPSL-CM6A-LR_r3i1p1f1_ssp585,15,26,1084.6357191093084
late_projection,IPSL-CM6A-LR_r3i1p1f1_ssp585,20,21,1085.7161999006644
late_projection,IPSL-CM6A-LR_r4i1p1f1_ssp245,2,39,713.6170912859197
late_projection,IPSL-CM6A-LR_r4i1p1f1_ssp245,5,36,859.5183882996805
late_projection,IPSL-CM6A-LR_r4i1p1f1_ssp245,10,31,939.6936334878577
late_projection,IPSL-CM6A-LR_r4i1p1f1_ssp245,15,26,957.6571173628538
late_projection,IPSL-CM6A-LR_r4i1p1f1_ssp245,20,21,956.2377314397585
late_projection,IPSL-CM6A-LR_r4i1p1f1_ssp370,2,39,588.2961794974872
late_projection,IPSL-CM6A-LR_r4i1p1f1_ssp370,5,36,719.4151449372148
late_projection,IPSL-CM6A-LR_r4i1p1f1_ssp370,10,31,939.686364675199
late_projection,IPSL-CM6A-LR_r4i1p1f1_ssp370,15,26,982.5080164756116
late_projection,IPSL-CM6A-LR_r4i1p1f1_ssp370,20,21,1004.8078273684625
late_projection,IPSL-CM6A-LR_r4i1p1f1_ssp585,2,39,814.3214530383889
late_projection,IPSL-CM6A-LR_r4i1p1f1_ssp585,5,36,805.4202210830268
late_projection,IPSL-CM6A-LR_r4i1p1f1_ssp585,10,31,990.7775161483962
late_projection,IPSL-CM6A-LR_r4i1p1f1_ssp585,15,26,1021.2586727948302
late_projection,IPSL-CM6A-LR_r4i1p1f1_ssp585,20,21,1046.6625064013026
late_projection,IPSL-CM6A-LR_r5i1p1f1_ssp245,2,39,643.061437853703
late_projection,IPSL-CM6A-LR_r5i1p1f1_ssp245,5,36,837.5953873926162
late_projection,IPSL-CM6A-LR_r5i1p1f1_ssp245,10,31,941.059983303152
late_projection,IPSL-CM6A-LR_r5i1p1f1_ssp245,15,26,961.4720501708604
late_projection,IPSL-CM6A-LR_r5i1p1f1_ssp245,20,21,963.2785946481181
late_projection,IPSL-CM6A-LR_r5i1p1f1_ssp370,2,39,582.2615691586307
late_projection,IPSL-CM6A-LR_r5i1p1f1_ssp370,5,36,902.9111654932167
late_projection,IPSL-CM6A-LR_r5i1p1f1_ssp370,10,31,1017.3637804146947
late_projection,IPSL-CM6A-LR_r5i1p1f1_ssp370,15,26,1111.180299011065
late_projection,IPSL-CM6A-LR_r5i1p1f1_ssp370,20,21,1097.9929985704969
late_projection,IPSL-CM6A-LR_r6i1p1f1_ssp370,2,39,651.2218629976123
late_projection,IPSL-CM6A-LR_r6i1p1f1_ssp370,5,36,751.9594134276965
late_projection,IPSL-CM6A-LR_r6i1p1f1_ssp370,10,31,944.0465054323206
late_projection,IPSL-CM6A-LR_r6i1p1f1_ssp370,15,26,968.4383936666269
late_projection,IPSL-CM6A-LR_r6i1p1f1_ssp370,20,21,977.1019088112414
late_projection,IPSL-CM6A-LR_r7i1p1f1_ssp370,2,39,568.1812505001917
late_projection,IPSL-CM6A-LR_r7i1p1f1_ssp370,5,36,792.6393799134236
late_projection,IPSL-CM6A-LR_r7i1p1f1_ssp370,10,31,895.8427123586337
late_projection,IPSL-CM6A-LR_r7i1p1f1_ssp370,15,26,1014.9529594373813
late_projection,IPSL-CM6A-LR_r7i1p1f1_ssp370,20,21,1027.904257707379
late_projection,IPSL-CM6A-LR_r8i1p1f1_ssp370,2,39,483.36726135676145
late_projection,IPSL-CM6A-LR_r8i1p1f1_ssp370,5,36,769.5790849678946
late_projection,IPSL-CM6A-LR_r8i1p1f1_ssp370,10,31,922.9500161327763
late_projection,IPSL-CM6A-LR_r8i1p1f1_ssp370,15,26,960.5542699790934
late_projection,IPSL-CM6A-LR_r8i1p1f1_ssp370,20,21,942.0535257211781
late_projection,IPSL-CM6A-LR_r9i1p1f1_ssp370,2,39,633.5967990131268
late_projection,IPSL-CM6A-LR_r9i1p1f1_ssp370,5,36,827.591202745121
late_projection,IPSL-CM6A-LR_r9i1p1f1_ssp370,10,31,897.9096757146447
late_projection,IPSL-CM6A-LR_r9i1p1f1_ssp370,15,26,968.4683391885753
late_projection,IPSL-CM6A-LR_r9i1p1f1_ssp370,20,21,966.8050467154793
late_projection,KACE-1-0-G_r1i1p1f1_ssp245,2,39,648.1089620648636
late_projection,KACE-1-0-G_r1i1p1f1_ssp245,5,36,855.8653822015992
late_projection,KACE-1-0-G_r1i1p1f1_ssp245,10,31,946.9971671180945
late_projection,KACE-1-0-G_r1i1p1f1_ssp245,15,26,1064.871802762644
late_projection,KACE-1-0-G_r1i1p1f1_ssp245,20,21,1076.5765722268352
late_projection,KACE-1-0-G_r1i1p1f1_ssp370,2,39,588.5806532932502
late_projection,KACE-1-0-G_r1i1p1f1_ssp370,5,36,750.1975863224409
late_projection,KACE-1-0-G_r1i1p1f1_ssp370,10,31,866.1254936396921
late_projection,KACE-1-0-G_r1i1p1f1_ssp370,15,26,972.3566603608367
late_projection,KACE-1-0-G_r1i1p1f1_ssp370,20,21,990.5012537543156
late_projection,KACE-1-0-G_r1i1p1f1_ssp585,2,39,869.9223694333614
late_projection,KACE-1-0-G_r1i1p1f1_ssp585,5,36,1055.8137608182828
late_projection,KACE-1-0-G_r1i1p1f1_ssp585,10,31,1136.2183628276052
late_projection,KACE-1-0-G_r1i1p1f1_ssp585,15,26,1145.9236783388164
late_projection,KACE-1-0-G_r1i1p1f1_ssp585,20,21,1211.1912330095038
late_projection,KACE-1-0-G_r2i1p1f1_ssp245,2,39,461.3405678596009
late_projection,KACE-1-0-G_r2i1p1f1_ssp245,5,36,701.011128184887
late_projection,KACE-1-0-G_r2i1p1f1_ssp245,10,31,953.6229323149537
late_projection,KACE-1-0-G_r2i1p1f1_ssp245,15,26,990.0023771037794
late_projection,KACE-1-0-G_r2i1p1f1_ssp245,20,21,1047.637247243982
late_projection,KACE-1-0-G_r2i1p1f1_ssp370,2,39,756.4158233775197
late_projection,KACE-1-0-G_r2i1p1f1_ssp370,5,36,887.8018754691199
late_projection,KACE-1-0-G_r2i1p1f1_ssp370,10,31,967.568521196378
late_projection,KACE-1-0-G_r2i1p1f1_ssp370,15,26,996.4165472209168
late_projection,KACE-1-0-G_r2i1p1f1_ssp370,20,21,1047.9225190568454
late_projection,KACE-1-0-G_r2i1p1f1_ssp585,2,39,641.4438506333368
late_projection,KACE-1-0-G_r2i1p1f1_ssp585,5,36,893.049876844428
late_projection,KACE-1-0-G_r2i1p1f1_ssp585,10,31,1012.600470386921
late_projection,KACE-1-0-G_r2i1p1f1_ssp585,15,26,989.6564614006961
late_projection,KACE-1-0-G_r2i1p1f1_ssp585,20,21,1063.06717345275
late_projection,KACE-1-0-G_r3i1p1f1_ssp245,2,39,743.9799400833795
late_projection,KACE-1-0-G_r3i1p1f1_ssp245,5,36,949.3623133859037
late_projection,KACE-1-0-G_r3i1p1f1_ssp245,10,31,1031.3997199048094
late_projection,KACE-1-0-G_r3i1p1f1_ssp245,15,26,1066.97178815678
late_projection,KACE-1-0-G_r3i1p1f1_ssp245,20,21,1104.7896545382264
late_projection,KACE-1-0-G_r3i1p1f1_ssp370,2,39,660.6371795016094
late_projection,KACE-1-0-G_r3i1p1f1_ssp370,5,36,864.9810365248024
late_projection,KACE-1-0-G_r3i1p1f1_ssp370,10,31,930.5145680437711
late_projection,KACE-1-0-G_r3i1p1f1_ssp370,15,26,1038.2519820613713
late_projection,KACE-1-0-G_r3i1p1f1_ssp370,20,21,1054.1924113396017
late_projection,KACE-1-0-G_r3i1p1f1_ssp585,2,39,724.6616385291236
late_projection,KACE-1-0-G_r3i1p1f1_ssp585,5,36,884.4435091550374
late_projection,KACE-1-0-G_r3i1p1f1_ssp585,10,31,997.932189868018
late_projection,KACE-1-0-G_r3i1p1f1_ssp585,15,26,985.6592936741998
late_projection,KACE-1-0-G_r3i1p1f1_ssp585,20,21,1036.615685290594
late_projection,MIROC6_r1i1p1f1_ssp245,2,39,584.8594553083788
late_projection,MIROC6_r1i1p1f1_ssp245,5,36,778.4296394220995
late_projection,MIROC6_r1i1p1f1_ssp245,10,31,815.9660149386584
late_projection,MIROC6_r1i1p1f1_ssp245,15,26,877.6363916621865
late_projection,MIROC6_r1i1p1f1_ssp245,20,21,895.6822648807774
late_projection,MIROC6_r1i1p1f1_ssp370,2,39,608.5118907990245
late_projection,MIROC6_r1i1p1f1_ssp370,5,36,783.3705315231279
late_projection,MIROC6_r1i1p1f1_ssp370,10,31,900.7045493681944
late_projection,MIROC6_r1i1p1f1_ssp370,15,26,936.5219002254854
late_projection,MIROC6_r1i1p1f1_ssp370,20,21,1034.3706708248856
late_projection,MIROC6_r1i1p1f1_ssp585,2,39,648.0122544953749
late_projection,MIROC6_r1i1p1f1_ssp585,5,36,835.0463351654616
late_projection,MIROC6_r1i1p1f1_ssp585,10,31,929.3414690567886
late_projection,MIROC6_r1i1p1f1_ssp585,15,26,1000.1066425068567
late_projection,MIROC6_r1i1p1f1_ssp585,20,21,1030.372791952648
late_projection,MIROC6_r2i1p1f1_ssp245,2,39,571.409198307625
late_projection,MIROC6_r2i1p1f1_ssp245,5,36,811.6220213847221
late_projection,MIROC6_r2i1p1f1_ssp245,10,31,953.825655362145
late_projection,MIROC6_r2i1p1f1_ssp245,15,26,986.5748265160951
late_projection,MIROC6_r2i1p1f1_ssp245,20,21,1021.6417585520372
late_projection,MIROC6_r2i1p1f1_ssp370,2,39,573.6358709983233
late_projection,MIROC6_r2i1p1f1_ssp370,5,36,745.0557168884719
late_projection,MIROC6_r2i1p1f1_ssp370,10,31,886.9009563845268
late_projection,MIROC6_r2i1p1f1_ssp370,15,26,907.7296262697778
late_projection,MIROC6_r2i1p1f1_ssp370,20,21,959.355928516747
late_projection,MIROC6_r2i1p1f1_ssp585,2,39,736.6109826651154
late_projection,MIROC6_r2i1p1f1_ssp585,5,36,981.2356887428352
late_projection,MIROC6_r2i1p1f1_ssp585,10,31,1035.7948808337073
late_projection,MIROC6_r2i1p1f1_ssp585,15,26,1075.7576961632628
late_projection,MIROC6_r2i1p1f1_ssp585,20,21,1099.0748537976435
late_projection,MIROC6_r3i1p1f1_ssp245,2,39,738.447013908979
late_projection,MIROC6_r3i1p1f1_ssp245,5,36,877.9896877378312
late_projection,MIROC6_r3i1p1f1_ssp245,10,31,947.3566008319096
late_projection,MIROC6_r3i1p1f1_ssp245,15,26,975.6339258752778
late_projection,MIROC6_r3i1p1f1_ssp245,20,21,1014.3606379467819
late_projection,MIROC6_r3i1p1f1_ssp370,2,39,524.7125929642361
late_projection,MIROC6_r3i1p1f1_ssp370,5,36,939.7124334456093
late_projection,MIROC6_r3i1p1f1_ssp370,10,31,985.1572918086789
late_projection,MIROC6_r3i1p1f1_ssp370,15,26,1000.8342673090824
late_projection,MIROC6_r3i1p1f1_ssp370,20,21,1011.8177301242698
late_projection,MIROC6_r3i1p1f1_ssp585,2,39,596.0648835681823
late_projection,MIROC6_r3i1p1f1_ssp585,5,36,849.2253743832262
late_projection,MIROC6_r3i1p1f1_ssp585,10,31,1017.0025094978471
late_projection,MIROC6_r3i1p1f1_ssp585,15,26,1042.2654198709981
late_projection,MIROC6_r3i1p1f1_ssp585,20,21,1087.436970770209
late_projection,MIROC6_r4i1p1f1_ssp585,2,39,538.848931885801
late_projection,MIROC6_r4i1p1f1_ssp585,5,36,845.4927286792866
late_projection,MIROC6_r4i1p1f1_ssp585,10,31,916.8135533009885
late_projection,MIROC6_r4i1p1f1_ssp585,15,26,934.6998020033832
late_projection,MIROC6_r4i1p1f1_ssp585,20,21,990.6196834320583
late_projection,MIROC6_r5i1p1f1_ssp585,2,39,613.6582842723237
late_projection,MIROC6_r5i1p1f1_ssp585,5,36,761.2700928590596
late_projection,MIROC6_r5i1p1f1_ssp585,10,31,855.2016029931925
late_projection,MIROC6_r5i1p1f1_ssp585,15,26,948.3309452988501
late_projection,MIROC6_r5i1p1f1_ssp585,20,21,1008.2196361968032
late_projection,MPI-ESM1-2-HR_r10i1p1f1_ssp370,2,39,646.7580483651673
late_projection,MPI-ESM1-2-HR_r10i1p1f1_ssp370,5,36,902.8190999044425
late_projection,MPI-ESM1-2-HR_r10i1p1f1_ssp370,10,31,977.4507838626869
late_projection,MPI-ESM1-2-HR_r10i1p1f1_ssp370,15,26,1033.4398118164718
late_projection,MPI-ESM1-2-HR_r10i1p1f1_ssp370,20,21,1040.203919738526
late_projection,MPI-ESM1-2-HR_r1i1p1f1_ssp245,2,39,748.9917709157326
late_projection,MPI-ESM1-2-HR_r1i1p1f1_ssp245,5,36,937.2126222570256
late_projection,MPI-ESM1-2-HR_r1i1p1f1_ssp245,10,31,958.8975236945232
late_projection,MPI-ESM1-2-HR_r1i1p1f1_ssp245,15,26,999.677811880126
late_projection,MPI-ESM1-2-HR_r1i1p1f1_ssp245,20,21,1003.1056985945645
late_projection,MPI-ESM1-2-HR_r1i1p1f1_ssp370,2,39,591.8778091487329
late_projection,MPI-ESM1-2-HR_r1i1p1f1_ssp370,5,36,805.8782123682504
late_projection,MPI-ESM1-2-HR_r1i1p1f1_ssp370,10,31,947.7867571073781
late_projection,MPI-ESM1-2-HR_r1i1p1f1_ssp370,15,26,989.6633853841034
late_projection,MPI-ESM1-2-HR_r1i1p1f1_ssp370,20,21,1021.9159086115
late_projection,MPI-ESM1-2-HR_r1i1p1f1_ssp585,2,39,630.4498284057154
late_projection,MPI-ESM1-2-HR_r1i1p1f1_ssp585,5,36,716.0262995201323
late_projection,MPI-ESM1-2-HR_r1i1p1f1_ssp585,10,31,753.2829704080759
late_projection,MPI-ESM1-2-HR_r1i1p1f1_ssp585,15,26,797.1959807665219
late_projection,MPI-ESM1-2-HR_r1i1p1f1_ssp585,20,21,849.0946661844879
late_projection,MPI-ESM1-2-HR_r2i1p1f1_ssp245,2,39,692.4299046781762
late_projection,MPI-ESM1-2-HR_r2i1p1f1_ssp245,5,36,821.9393000333184
late_projection,MPI-ESM1-2-HR_r2i1p1f1_ssp245,10,31,916.060738149461
late_projection,MPI-ESM1-2-HR_r2i1p1f1_ssp245,15,26,966.4280985358016
late_projection,MPI-ESM1-2-HR_r2i1p1f1_ssp245,20,21,984.235963556612
late_projection,MPI-ESM1-2-HR_r2i1p1f1_ssp370,2,39,694.4361584384178
late_projection,MPI-ESM1-2-HR_r2i1p1f1_ssp370,5,36,820.4336752166491
late_projection,MPI-ESM1-2-HR_r2i1p1f1_ssp370,10,31,870.1270129527122
late_projection,MPI-ESM1-2-HR_r2i1p1f1_ssp370,15,26,920.5331909357265
late_projection,MPI-ESM1-2-HR_r2i1p1f1_ssp370,20,21,951.5508314840729
late_projection,MPI-ESM1-2-HR_r2i1p1f1_ssp585,2,39,630.4017555726132
late_projection,MPI-ESM1-2-HR_r2i1p1f1_ssp585,5,36,824.9650298499924
late_projection,MPI-ESM1-2-HR_r2i1p1f1_ssp585,10,31,887.5816681067256
late_projection,MPI-ESM1-2-HR_r2i1p1f1_ssp585,15,26,955.5563690950173
late_projection,MPI-ESM1-2-HR_r2i1p1f1_ssp585,20,21,960.4465881768722
late_projection,MPI-ESM1-2-HR_r3i1p1f1_ssp370,2,39,676.8558186867867
late_projection,MPI-ESM1-2-HR_r3i1p1f1_ssp370,5,36,740.8721663636403
late_projection,MPI-ESM1-2-HR_r3i1p1f1_ssp370,10,31,846.4480219483245
late_projection,MPI-ESM1-2-HR_r3i1p1f1_ssp370,15,26,889.6177595573715
late_projection,MPI-ESM1-2-HR_r3i1p1f1_ssp370,20,21,929.7623679867069
late_projection,MPI-ESM1-2-HR_r4i1p1f1_ssp370,2,39,650.429740678821
late_projection,MPI-ESM1-2-HR_r4i1p1f1_ssp370,5,36,733.8159102925398
late_projection,MPI-ESM1-2-HR_r4i1p1f1_ssp370,10,31,886.1775293175593
late_projection,MPI-ESM1-2-HR_r4i1p1f1_ssp370,15,26,914.7353962328596
late_projection,MPI-ESM1-2-HR_r4i1p1f1_ssp370,20,21,913.704355604368
late_projection,MPI-ESM1-2-HR_r5i1p1f1_ssp370,2,39,648.283981665154
late_projection,MPI-ESM1-2-HR_r5i1p1f1_ssp370,5,36,815.2445684940991
late_projection,MPI-ESM1-2-HR_r5i1p1f1_ssp370,10,31,931.1436825431811
late_projection,MPI-ESM1-2-HR_r5i1p1f1_ssp370,15,26,968.6858071248678
late_projection,MPI-ESM1-2-HR_r5i1p1f1_ssp370,20,21,981.7776535139947
late_projection,MPI-ESM1-2-HR_r6i1p1f1_ssp370,2,39,708.192708845796
late_projection,MPI-ESM1-2-HR_r6i1p1f1_ssp370,5,36,811.9943564085813
late_projection,MPI-ESM1-2-HR_r6i1p1f1_ssp370,10,31,870.8514408693394
late_projection,MPI-ESM1-2-HR_r6i1p1f1_ssp370,15,26,975.5582804602423
late_projection,MPI-ESM1-2-HR_r6i1p1f1_ssp370,20,21,978.5185244168076
late_projection,MPI-ESM1-2-HR_r7i1p1f1_ssp370,2,39,557.5288851239075
late_projection,MPI-ESM1-2-HR_r7i1p1f1_ssp370,5,36,778.4603752213261
late_projection,MPI-ESM1-2-HR_r7i1p1f1_ssp370,10,31,914.7901633096724
late_projection,MPI-ESM1-2-HR_r7i1p1f1_ssp370,15,26,979.409490910334
late_projection,MPI-ESM1-2-HR_r7i1p1f1_ssp370,20,21,1012.2163609768904
late_projection,MPI-ESM1-2-HR_r8i1p1f1_ssp370,2,39,686.9044193375414
late_projection,MPI-ESM1-2-HR_r8i1p1f1_ssp370,5,36,767.6598469032165
late_projection,MPI-ESM1-2-HR_r8i1p1f1_ssp370,10,31,881.7122582939721
late_projection,MPI-ESM1-2-HR_r8i1p1f1_ssp370,15,26,990.8964609473835
late_projection,MPI-ESM1-2-HR_r8i1p1f1_ssp370,20,21,1014.5768335828832
late_projection,MPI-ESM1-2-HR_r9i1p1f1_ssp370,2,39,836.4843725128376
late_projection,MPI-ESM1-2-HR_r9i1p1f1_ssp370,5,36,888.8248857036015
late_projection,MPI-ESM1-2-HR_r9i1p1f1_ssp370,10,31,955.8288891993485
late_projection,MPI-ESM1-2-HR_r9i1p1f1_ssp370,15,26,981.3517061840806
late_projection,MPI-ESM1-2-HR_r9i1p1f1_ssp370,20,21,1004.3548254235675
late_projection,MRI-ESM2-0_r1i1p1f1_ssp245,2,39,763.315232093164
late_projection,MRI-ESM2-0_r1i1p1f1_ssp245,5,36,831.4290138817327
late_projection,MRI-ESM2-0_r1i1p1f1_ssp245,10,31,873.5948753757814
late_projection,MRI-ESM2-0_r1i1p1f1_ssp245,15,26,896.7488683713746
late_projection,MRI-ESM2-0_r1i1p1f1_ssp245,20,21,947.207556797813
late_projection,MRI-ESM2-0_r1i1p1f1_ssp370,2,39,774.3149823100666
late_projection,MRI-ESM2-0_r1i1p1f1_ssp370,5,36,913.689863258219
late_projection,MRI-ESM2-0_r1i1p1f1_ssp370,10,31,1027.0810172102015
late_projection,MRI-ESM2-0_r1i1p1f1_ssp370,15,26,1052.5969241410303
late_projection,MRI-ESM2-0_r1i1p1f1_ssp370,20,21,1064.1686473117684
late_projection,MRI-ESM2-0_r1i1p1f1_ssp585,2,39,695.6832562404561
late_projection,MRI-ESM2-0_r1i1p1f1_ssp585,5,36,855.7189181130976
late_projection,MRI-ESM2-0_r1i1p1f1_ssp585,10,31,944.3640303300544
late_projection,MRI-ESM2-0_r1i1p1f1_ssp585,15,26,995.1356378152472
late_projection,MRI-ESM2-0_r1i1p1f1_ssp585,20,21,1023.7484786535936
late_projection,MRI-ESM2-0_r2i1p1f1_ssp370,2,39,667.4726770242469
late_projection,MRI-ESM2-0_r2i1p1f1_ssp370,5,36,800.5195976123345
late_projection,MRI-ESM2-0_r2i1p1f1_ssp370,10,31,858.9914809420494
late_projection,MRI-ESM2-0_r2i1p1f1_ssp370,15,26,974.1006300114971
late_projection,MRI-ESM2-0_r2i1p1f1_ssp370,20,21,999.4569729493745
late_projection,MRI-ESM2-0_r3i1p1f1_ssp370,2,39,674.7967034872781
late_projection,MRI-ESM2-0_r3i1p1f1_ssp370,5,36,916.7123636993638
late_projection,MRI-ESM2-0_r3i1p1f1_ssp370,10,31,956.3446475525968
late_projection,MRI-ESM2-0_r3i1p1f1_ssp370,15,26,1064.9998520281847
late_projection,MRI-ESM2-0_r3i1p1f1_ssp370,20,21,1115.920542549598
late_projection,MRI-ESM2-0_r4i1p1f1_ssp370,2,39,727.6187535155696
late_projection,MRI-ESM2-0_r4i1p1f1_ssp370,5,36,946.6971743303671
late_projection,MRI-ESM2-0_r4i1p1f1_ssp370,10,31,1025.5258631008005
late_projection,MRI-ESM2-0_r4i1p1f1_ssp370,15,26,1078.8591495337917
late_projection,MRI-ESM2-0_r4i1p1f1_ssp370,20,21,1102.9449290347975
late_projection,MRI-ESM2-0_r5i1p1f1_ssp370,2,39,562.0958758247316
late_projection,MRI-ESM2-0_r5i1p1f1_ssp370,5,36,693.9798605289524
late_projection,MRI-ESM2-0_r5i1p1f1_ssp370,10,31,921.0237878022286
late_projection,MRI-ESM2-0_r5i1p1f1_ssp370,15,26,984.054783821213
late_projection,MRI-ESM2-0_r5i1p1f1_ssp370,20,21,988.9728465421009
